algorithm,variant_label,design_count,final_score,summary_path,avg_and,avg_and_rank,avg_and_score,avg_lev,avg_lev_rank,avg_lev_score,avg_runtime,avg_runtime_rank,avg_runtime_score,avg_memory,avg_memory_rank,avg_memory_score
baseline_mab,"steps=10,iters=20,ucb_c=1.0,seed=4",30,234.9,/home/hxy/MCTSyn/.grid_search/baseline_mab/trials/trial_015__and_weight=0.5__episodes=20__lev_weight=0.2__seed=4__steps=10__ucb_c=1.0/workdir/results/baseline_mab/summary.csv,1572.3666666666666,25.5,7.966666666666667,10.066666666666666,3.8,9.633333333333333,2.4219999999999997,7.4,6.8,16584.666666666668,15.966666666666667,5.6
alphasyn,"seq=10,iters=20,cpuct=0.5,mu=0.9,",30,232.8,/home/hxy/MCTSyn/.grid_search/alphasyn/trials/trial_001__cpuct=0.5__mu_discount=0.9__search_iterations=20__seed=0__sequence_length=10/workdir/summary.csv,1523.9666666666667,10.233333333333333,8.666666666666666,10.033333333333333,2.1333333333333333,9.633333333333333,32.342333333333336,65.0,5.0,22827.333333333332,64.5,5.0
alphasyn,"seq=10,iters=20,cpuct=0.5,mu=0.9,",30,232.8,/home/hxy/MCTSyn/.grid_search/alphasyn/trials/trial_002__cpuct=0.5__mu_discount=0.9__search_iterations=20__seed=1__sequence_length=10/workdir/summary.csv,1523.9666666666667,10.233333333333333,8.666666666666666,10.033333333333333,2.1333333333333333,9.633333333333333,53.25233333333333,70.96666666666667,5.0,22930.266666666666,68.56666666666666,5.0
alphasyn,"seq=10,iters=20,cpuct=0.5,mu=0.9,",30,232.8,/home/hxy/MCTSyn/.grid_search/alphasyn/trials/trial_003__cpuct=0.5__mu_discount=0.9__search_iterations=20__seed=2__sequence_length=10/workdir/summary.csv,1523.9666666666667,10.233333333333333,8.666666666666666,10.033333333333333,2.1333333333333333,9.633333333333333,57.186,73.1,5.0,22914.933333333334,68.56666666666666,5.0
alphasyn,"seq=10,iters=20,cpuct=0.5,mu=0.9,",30,232.8,/home/hxy/MCTSyn/.grid_search/alphasyn/trials/trial_004__cpuct=0.5__mu_discount=0.9__search_iterations=20__seed=3__sequence_length=10/workdir/summary.csv,1523.9666666666667,10.233333333333333,8.666666666666666,10.033333333333333,2.1333333333333333,9.633333333333333,55.64066666666667,72.5,5.0,22884.266666666666,65.73333333333333,5.0
alphasyn,"seq=10,iters=20,cpuct=0.5,mu=0.9,",30,232.8,/home/hxy/MCTSyn/.grid_search/alphasyn/trials/trial_005__cpuct=0.5__mu_discount=0.9__search_iterations=20__seed=4__sequence_length=10/workdir/summary.csv,1523.9666666666667,10.233333333333333,8.666666666666666,10.033333333333333,2.1333333333333333,9.633333333333333,57.266,71.53333333333333,5.0,22905.066666666666,67.46666666666667,5.0
alphasyn,"seq=10,iters=20,cpuct=0.5,mu=0.9,",30,232.8,/home/hxy/MCTSyn/.grid_search/alphasyn/trials/trial_006__cpuct=0.5__mu_discount=0.9__search_iterations=20__seed=5__sequence_length=10/workdir/summary.csv,1523.9666666666667,10.233333333333333,8.666666666666666,10.033333333333333,2.1333333333333333,9.633333333333333,31.753333333333334,59.93333333333333,5.0,22911.6,68.43333333333334,5.0
alphasyn,"seq=10,iters=20,cpuct=0.5,mu=0.9,",30,232.8,/home/hxy/MCTSyn/.grid_search/alphasyn/trials/trial_007__cpuct=0.5__mu_discount=0.9__search_iterations=20__seed=6__sequence_length=10/workdir/summary.csv,1523.9666666666667,10.233333333333333,8.666666666666666,10.033333333333333,2.1333333333333333,9.633333333333333,70.84866666666667,79.36666666666666,5.0,22872.533333333333,65.06666666666666,5.0
alphasyn,"seq=10,iters=20,cpuct=0.5,mu=0.9,",30,232.8,/home/hxy/MCTSyn/.grid_search/alphasyn/trials/trial_008__cpuct=0.5__mu_discount=0.9__search_iterations=20__seed=7__sequence_length=10/workdir/summary.csv,1523.9666666666667,10.233333333333333,8.666666666666666,10.033333333333333,2.1333333333333333,9.633333333333333,74.66933333333333,79.6,5.0,22905.2,67.9,5.0
alphasyn,"seq=10,iters=20,cpuct=0.5,mu=0.9,",30,232.8,/home/hxy/MCTSyn/.grid_search/alphasyn/trials/trial_009__cpuct=0.5__mu_discount=0.9__search_iterations=20__seed=8__sequence_length=10/workdir/summary.csv,1523.9666666666667,10.233333333333333,8.666666666666666,10.033333333333333,2.1333333333333333,9.633333333333333,74.85100000000001,81.4,5.0,22903.866666666665,66.56666666666666,5.0
alphasyn,"seq=10,iters=20,cpuct=0.5,mu=0.9,",30,232.8,/home/hxy/MCTSyn/.grid_search/alphasyn/trials/trial_010__cpuct=0.5__mu_discount=0.9__search_iterations=20__seed=9__sequence_length=10/workdir/summary.csv,1523.9666666666667,10.233333333333333,8.666666666666666,10.033333333333333,2.1333333333333333,9.633333333333333,74.45933333333333,77.53333333333333,5.0,22942.0,70.56666666666666,5.0
baseline_mab,"steps=10,iters=20,ucb_c=0.4,seed=4",30,232.5,/home/hxy/MCTSyn/.grid_search/baseline_mab/trials/trial_005__and_weight=0.5__episodes=20__lev_weight=0.2__seed=4__steps=10__ucb_c=0.4/workdir/results/baseline_mab/summary.csv,1644.5,31.933333333333334,7.533333333333333,10.033333333333333,3.0,9.533333333333333,2.5283333333333333,7.566666666666666,7.5,16425.066666666666,16.1,5.766666666666667
baseline_mab,"steps=10,iters=20,ucb_c=1.0,seed=6",30,231.9,/home/hxy/MCTSyn/.grid_search/baseline_mab/trials/trial_017__and_weight=0.5__episodes=20__lev_weight=0.2__seed=6__steps=10__ucb_c=1.0/workdir/results/baseline_mab/summary.csv,1613.5666666666666,27.166666666666668,7.7,10.066666666666666,3.6,9.5,2.444,5.733333333333333,6.866666666666666,16382.533333333333,14.733333333333333,6.066666666666666
baseline_mab,"steps=10,iters=20,ucb_c=0.4,seed=2",30,231.6,/home/hxy/MCTSyn/.grid_search/baseline_mab/trials/trial_003__and_weight=0.5__episodes=20__lev_weight=0.2__seed=2__steps=10__ucb_c=0.4/workdir/results/baseline_mab/summary.csv,1635.2333333333333,28.7,7.666666666666667,10.066666666666666,3.6,9.5,2.4979999999999998,7.8,6.966666666666667,16564.666666666668,17.733333333333334,5.933333333333334
baseline_mab,"steps=10,iters=20,ucb_c=0.4,seed=8",30,231.2,/home/hxy/MCTSyn/.grid_search/baseline_mab/trials/trial_009__and_weight=0.5__episodes=20__lev_weight=0.2__seed=8__steps=10__ucb_c=0.4/workdir/results/baseline_mab/summary.csv,1651.2,26.1,7.9,10.033333333333333,3.0,9.533333333333333,2.465333333333333,6.766666666666667,6.633333333333334,16615.333333333332,17.966666666666665,5.233333333333333
alphasyn,"seq=10,iters=20,cpuct=1.0,mu=0.9,",30,230.8,/home/hxy/MCTSyn/.grid_search/alphasyn/trials/trial_011__cpuct=1.0__mu_discount=0.9__search_iterations=20__seed=0__sequence_length=10/workdir/summary.csv,1522.6,8.133333333333333,8.6,10.066666666666666,4.466666666666667,9.466666666666667,90.46900000000001,83.8,5.0,23141.2,72.66666666666667,5.0
alphasyn,"seq=10,iters=20,cpuct=1.0,mu=0.9,",30,230.8,/home/hxy/MCTSyn/.grid_search/alphasyn/trials/trial_012__cpuct=1.0__mu_discount=0.9__search_iterations=20__seed=1__sequence_length=10/workdir/summary.csv,1522.6,8.133333333333333,8.6,10.066666666666666,4.466666666666667,9.466666666666667,90.35033333333334,83.83333333333333,5.0,23138.266666666666,73.16666666666667,5.0
alphasyn,"seq=10,iters=20,cpuct=1.0,mu=0.9,",30,230.8,/home/hxy/MCTSyn/.grid_search/alphasyn/trials/trial_013__cpuct=1.0__mu_discount=0.9__search_iterations=20__seed=2__sequence_length=10/workdir/summary.csv,1522.6,8.133333333333333,8.6,10.066666666666666,4.466666666666667,9.466666666666667,90.43266666666666,83.26666666666667,5.0,23114.666666666668,70.9,5.0
alphasyn,"seq=10,iters=20,cpuct=1.0,mu=0.9,",30,230.8,/home/hxy/MCTSyn/.grid_search/alphasyn/trials/trial_014__cpuct=1.0__mu_discount=0.9__search_iterations=20__seed=3__sequence_length=10/workdir/summary.csv,1522.6,8.133333333333333,8.6,10.066666666666666,4.466666666666667,9.466666666666667,90.42699999999999,83.56666666666666,5.0,23154.266666666666,74.16666666666667,5.0
alphasyn,"seq=10,iters=20,cpuct=1.0,mu=0.9,",30,230.8,/home/hxy/MCTSyn/.grid_search/alphasyn/trials/trial_015__cpuct=1.0__mu_discount=0.9__search_iterations=20__seed=4__sequence_length=10/workdir/summary.csv,1522.6,8.133333333333333,8.6,10.066666666666666,4.466666666666667,9.466666666666667,90.36033333333333,82.56666666666666,5.0,23076.0,71.26666666666667,5.0
alphasyn,"seq=10,iters=20,cpuct=1.0,mu=0.9,",30,230.8,/home/hxy/MCTSyn/.grid_search/alphasyn/trials/trial_016__cpuct=1.0__mu_discount=0.9__search_iterations=20__seed=5__sequence_length=10/workdir/summary.csv,1522.6,8.133333333333333,8.6,10.066666666666666,4.466666666666667,9.466666666666667,90.216,81.46666666666667,5.0,23134.533333333333,72.93333333333334,5.0
alphasyn,"seq=10,iters=20,cpuct=1.0,mu=0.9,",30,230.8,/home/hxy/MCTSyn/.grid_search/alphasyn/trials/trial_017__cpuct=1.0__mu_discount=0.9__search_iterations=20__seed=6__sequence_length=10/workdir/summary.csv,1522.6,8.133333333333333,8.6,10.066666666666666,4.466666666666667,9.466666666666667,90.38733333333333,82.56666666666666,5.0,23145.6,72.83333333333333,5.0
alphasyn,"seq=10,iters=20,cpuct=1.0,mu=0.9,",30,230.8,/home/hxy/MCTSyn/.grid_search/alphasyn/trials/trial_019__cpuct=1.0__mu_discount=0.9__search_iterations=20__seed=8__sequence_length=10/workdir/summary.csv,1522.6,8.133333333333333,8.6,10.066666666666666,4.466666666666667,9.466666666666667,90.58466666666666,84.43333333333334,5.0,23110.8,71.16666666666667,5.0
alphasyn,"seq=10,iters=20,cpuct=1.0,mu=0.9,",30,230.8,/home/hxy/MCTSyn/.grid_search/alphasyn/trials/trial_020__cpuct=1.0__mu_discount=0.9__search_iterations=20__seed=9__sequence_length=10/workdir/summary.csv,1522.6,8.133333333333333,8.6,10.066666666666666,4.466666666666667,9.466666666666667,90.60366666666667,85.36666666666666,5.0,23107.6,72.03333333333333,5.0
alphasyn,"seq=10,iters=20,cpuct=1.0,mu=0.9,",30,230.8,/home/hxy/MCTSyn/.grid_search/alphasyn/trials/trial_018__cpuct=1.0__mu_discount=0.9__search_iterations=20__seed=7__sequence_length=10/workdir/summary.csv,1522.6,8.133333333333333,8.6,10.066666666666666,4.466666666666667,9.466666666666667,90.75066666666666,85.9,5.0,23147.2,76.26666666666667,5.0
alphasyn,"seq=10,iters=20,cpuct=1.5,mu=0.9,",30,230.3,/home/hxy/MCTSyn/.grid_search/alphasyn/trials/trial_030__cpuct=1.5__mu_discount=0.9__search_iterations=20__seed=9__sequence_length=10/workdir/summary.csv,1524.3666666666666,10.366666666666667,8.466666666666667,10.033333333333333,4.1,9.633333333333333,34.888333333333335,66.86666666666666,5.0,23219.333333333332,73.2,5.166666666666667
alphasyn,"seq=10,iters=20,cpuct=1.5,mu=0.9,",30,230.1,/home/hxy/MCTSyn/.grid_search/alphasyn/trials/trial_027__cpuct=1.5__mu_discount=0.9__search_iterations=20__seed=6__sequence_length=10/workdir/summary.csv,1524.3666666666666,10.366666666666667,8.466666666666667,10.033333333333333,4.1,9.633333333333333,34.852,66.46666666666667,5.0,23148.133333333335,72.1,5.1
alphasyn,"seq=10,iters=20,cpuct=1.5,mu=0.9,",30,229.8,/home/hxy/MCTSyn/.grid_search/alphasyn/trials/trial_021__cpuct=1.5__mu_discount=0.9__search_iterations=20__seed=0__sequence_length=10/workdir/summary.csv,1524.3666666666666,10.366666666666667,8.466666666666667,10.033333333333333,4.1,9.633333333333333,80.13799999999999,82.16666666666667,5.0,23256.266666666666,75.43333333333334,5.0
alphasyn,"seq=10,iters=20,cpuct=1.5,mu=0.9,",30,229.8,/home/hxy/MCTSyn/.grid_search/alphasyn/trials/trial_023__cpuct=1.5__mu_discount=0.9__search_iterations=20__seed=2__sequence_length=10/workdir/summary.csv,1524.3666666666666,10.366666666666667,8.466666666666667,10.033333333333333,4.1,9.633333333333333,34.89333333333333,67.43333333333334,5.0,23177.333333333332,71.9,5.0
alphasyn,"seq=10,iters=20,cpuct=1.5,mu=0.9,",30,229.8,/home/hxy/MCTSyn/.grid_search/alphasyn/trials/trial_024__cpuct=1.5__mu_discount=0.9__search_iterations=20__seed=3__sequence_length=10/workdir/summary.csv,1524.3666666666666,10.366666666666667,8.466666666666667,10.033333333333333,4.1,9.633333333333333,34.93666666666666,67.33333333333333,5.0,23170.933333333334,71.96666666666667,5.0
alphasyn,"seq=10,iters=20,cpuct=1.5,mu=0.9,",30,229.8,/home/hxy/MCTSyn/.grid_search/alphasyn/trials/trial_026__cpuct=1.5__mu_discount=0.9__search_iterations=20__seed=5__sequence_length=10/workdir/summary.csv,1524.3666666666666,10.366666666666667,8.466666666666667,10.033333333333333,4.1,9.633333333333333,34.79600000000001,65.73333333333333,5.0,23128.933333333334,70.06666666666666,5.0
alphasyn,"seq=10,iters=20,cpuct=1.5,mu=0.9,",30,229.8,/home/hxy/MCTSyn/.grid_search/alphasyn/trials/trial_028__cpuct=1.5__mu_discount=0.9__search_iterations=20__seed=7__sequence_length=10/workdir/summary.csv,1524.3666666666666,10.366666666666667,8.466666666666667,10.033333333333333,4.1,9.633333333333333,34.90933333333333,67.4,5.0,23176.266666666666,73.16666666666667,5.0
alphasyn,"seq=10,iters=20,cpuct=1.5,mu=0.9,",30,229.8,/home/hxy/MCTSyn/.grid_search/alphasyn/trials/trial_029__cpuct=1.5__mu_discount=0.9__search_iterations=20__seed=8__sequence_length=10/workdir/summary.csv,1524.3666666666666,10.366666666666667,8.466666666666667,10.033333333333333,4.1,9.633333333333333,34.87533333333333,66.53333333333333,5.0,23171.466666666667,73.73333333333333,5.0
alphasyn,"seq=10,iters=20,cpuct=1.5,mu=0.9,",30,229.8,/home/hxy/MCTSyn/.grid_search/alphasyn/trials/trial_025__cpuct=1.5__mu_discount=0.9__search_iterations=20__seed=4__sequence_length=10/workdir/summary.csv,1524.3666666666666,10.366666666666667,8.466666666666667,10.033333333333333,4.1,9.633333333333333,34.971333333333334,68.26666666666667,5.0,23163.733333333334,72.13333333333334,5.0
alphasyn,"seq=10,iters=20,cpuct=1.5,mu=0.9,",30,229.8,/home/hxy/MCTSyn/.grid_search/alphasyn/trials/trial_022__cpuct=1.5__mu_discount=0.9__search_iterations=20__seed=1__sequence_length=10/workdir/summary.csv,1524.3666666666666,10.366666666666667,8.466666666666667,10.033333333333333,4.1,9.633333333333333,35.96066666666666,69.83333333333333,5.0,23213.866666666665,75.76666666666667,5.0
baseline_mab,"steps=10,iters=20,ucb_c=0.4,seed=1",30,229.4,/home/hxy/MCTSyn/.grid_search/baseline_mab/trials/trial_002__and_weight=0.5__episodes=20__lev_weight=0.2__seed=1__steps=10__ucb_c=0.4/workdir/results/baseline_mab/summary.csv,1648.6333333333334,20.766666666666666,7.9,10.033333333333333,4.533333333333333,9.666666666666666,2.5020000000000002,10.833333333333334,5.7,16445.2,14.466666666666667,6.233333333333333
baseline_mab,"steps=10,iters=20,ucb_c=1.0,seed=1",30,229.3,/home/hxy/MCTSyn/.grid_search/baseline_mab/trials/trial_012__and_weight=0.5__episodes=20__lev_weight=0.2__seed=1__steps=10__ucb_c=1.0/workdir/results/baseline_mab/summary.csv,1616.2,21.933333333333334,7.733333333333333,10.1,4.533333333333333,9.633333333333333,2.44,8.2,6.166666666666667,16562.8,16.366666666666667,6.166666666666667
baseline_mab_prefix,"steps=10,iters=20,ucb_c=0.8,seed=7",30,228.7,/home/hxy/MCTSyn/.grid_search/baseline_mab_prefix/trials/trial_028__and_weight=0.5__episodes=20__lev_weight=0.2__seed=7__steps=10__ucb_c=0.8/workdir/results/baseline_mab_prefix/summary.csv,1616.3666666666666,16.8,8.433333333333334,10.1,5.4,9.533333333333333,13.252999999999998,50.5,5.0,21310.133333333335,42.166666666666664,5.0
baseline_mab,"steps=10,iters=20,ucb_c=1.0,seed=8",30,228.6,/home/hxy/MCTSyn/.grid_search/baseline_mab/trials/trial_019__and_weight=0.5__episodes=20__lev_weight=0.2__seed=8__steps=10__ucb_c=1.0/workdir/results/baseline_mab/summary.csv,1648.5333333333333,25.333333333333332,7.966666666666667,10.066666666666666,3.6,9.5,2.5170000000000003,11.133333333333333,6.066666666666666,16608.533333333333,19.966666666666665,5.233333333333333
baseline_mab,"steps=10,iters=20,ucb_c=1.0,seed=5",30,228.4,/home/hxy/MCTSyn/.grid_search/baseline_mab/trials/trial_016__and_weight=0.5__episodes=20__lev_weight=0.2__seed=5__steps=10__ucb_c=1.0/workdir/results/baseline_mab/summary.csv,1556.6,27.5,7.833333333333333,10.066666666666666,3.6,9.5,2.501,11.8,6.1,16454.933333333334,16.033333333333335,5.766666666666667
baseline_mab,"steps=10,iters=20,ucb_c=1.0,seed=0",30,228.1,/home/hxy/MCTSyn/.grid_search/baseline_mab/trials/trial_011__and_weight=0.5__episodes=20__lev_weight=0.2__seed=0__steps=10__ucb_c=1.0/workdir/results/baseline_mab/summary.csv,1586.2,25.7,7.9,10.033333333333333,2.1333333333333333,9.633333333333333,2.4733333333333336,10.8,5.9,16601.866666666665,20.233333333333334,5.466666666666667
baseline_mab_prefix,"steps=10,iters=20,ucb_c=0.4,seed=9",30,228.0,/home/hxy/MCTSyn/.grid_search/baseline_mab_prefix/trials/trial_020__and_weight=0.5__episodes=20__lev_weight=0.2__seed=9__steps=10__ucb_c=0.4/workdir/results/baseline_mab_prefix/summary.csv,1533.6333333333334,14.2,8.4,10.066666666666666,3.6,9.5,10.996333333333332,41.8,5.0,21326.0,42.7,5.0
baseline_mab,"steps=10,iters=20,ucb_c=0.4,seed=5",30,227.5,/home/hxy/MCTSyn/.grid_search/baseline_mab/trials/trial_006__and_weight=0.5__episodes=20__lev_weight=0.2__seed=5__steps=10__ucb_c=0.4/workdir/results/baseline_mab/summary.csv,1563.6,28.0,7.5,10.066666666666666,3.6,9.5,2.5196666666666667,12.8,6.633333333333334,16443.866666666665,15.733333333333333,6.066666666666666
baseline_mab_prefix,"steps=10,iters=20,ucb_c=0.2,seed=7",30,227.2,/home/hxy/MCTSyn/.grid_search/baseline_mab_prefix/trials/trial_008__and_weight=0.5__episodes=20__lev_weight=0.2__seed=7__steps=10__ucb_c=0.2/workdir/results/baseline_mab_prefix/summary.csv,1555.4333333333334,16.666666666666668,8.266666666666667,10.066666666666666,3.933333333333333,9.666666666666666,13.014666666666667,47.9,5.0,21304.0,39.166666666666664,5.066666666666666
baseline_mab_prefix,"steps=10,iters=20,ucb_c=0.4,seed=7",30,226.7,/home/hxy/MCTSyn/.grid_search/baseline_mab_prefix/trials/trial_018__and_weight=0.5__episodes=20__lev_weight=0.2__seed=7__steps=10__ucb_c=0.4/workdir/results/baseline_mab_prefix/summary.csv,1574.1333333333334,15.933333333333334,8.3,10.066666666666666,4.666666666666667,9.533333333333333,12.850999999999999,45.13333333333333,5.0,21306.933333333334,40.0,5.0
baseline_mab_prefix,"steps=10,iters=20,ucb_c=0.4,seed=0",30,226.5,/home/hxy/MCTSyn/.grid_search/baseline_mab_prefix/trials/trial_011__and_weight=0.5__episodes=20__lev_weight=0.2__seed=0__steps=10__ucb_c=0.4/workdir/results/baseline_mab_prefix/summary.csv,1547.3,13.666666666666666,8.3,10.1,5.266666666666667,9.5,12.986666666666668,45.733333333333334,5.0,21312.533333333333,43.3,5.0
baseline_mab_prefix,"steps=10,iters=20,ucb_c=0.8,seed=8",30,226.5,/home/hxy/MCTSyn/.grid_search/baseline_mab_prefix/trials/trial_029__and_weight=0.5__episodes=20__lev_weight=0.2__seed=8__steps=10__ucb_c=0.8/workdir/results/baseline_mab_prefix/summary.csv,1611.4666666666667,18.733333333333334,8.266666666666667,10.066666666666666,3.6,9.5,13.626666666666667,55.13333333333333,5.0,21311.866666666665,41.7,5.166666666666667
baseline_mab_prefix,"steps=10,iters=20,ucb_c=0.4,seed=8",30,226.2,/home/hxy/MCTSyn/.grid_search/baseline_mab_prefix/trials/trial_019__and_weight=0.5__episodes=20__lev_weight=0.2__seed=8__steps=10__ucb_c=0.4/workdir/results/baseline_mab_prefix/summary.csv,1566.7,18.6,8.266666666666667,10.133333333333333,5.6,9.533333333333333,12.934,45.7,5.0,21340.666666666668,43.266666666666666,5.0
baseline_mab,"steps=10,iters=20,ucb_c=1.0,seed=3",30,226.1,/home/hxy/MCTSyn/.grid_search/baseline_mab/trials/trial_014__and_weight=0.5__episodes=20__lev_weight=0.2__seed=3__steps=10__ucb_c=1.0/workdir/results/baseline_mab/summary.csv,1566.7333333333333,27.466666666666665,7.833333333333333,10.1,5.266666666666667,9.5,2.522,11.3,5.7,16690.0,19.0,5.8
baseline_mab,"steps=10,iters=20,ucb_c=0.4,seed=0",30,225.7,/home/hxy/MCTSyn/.grid_search/baseline_mab/trials/trial_001__and_weight=0.5__episodes=20__lev_weight=0.2__seed=0__steps=10__ucb_c=0.4/workdir/results/baseline_mab/summary.csv,1573.3,25.833333333333332,7.833333333333333,10.1,4.533333333333333,9.633333333333333,2.462,15.3,5.6,16669.6,21.366666666666667,5.6
baseline_mab,"steps=10,iters=20,ucb_c=1.5,seed=3",30,225.5,/home/hxy/MCTSyn/.grid_search/baseline_mab/trials/trial_024__and_weight=0.5__episodes=20__lev_weight=0.2__seed=3__steps=10__ucb_c=1.5/workdir/results/baseline_mab/summary.csv,1608.3333333333333,27.133333333333333,7.833333333333333,10.066666666666666,4.666666666666667,9.533333333333333,2.489,11.733333333333333,5.833333333333333,16767.733333333334,20.1,5.266666666666667
baseline_mab_prefix,"steps=10,iters=20,ucb_c=0.4,seed=5",30,225.5,/home/hxy/MCTSyn/.grid_search/baseline_mab_prefix/trials/trial_016__and_weight=0.5__episodes=20__lev_weight=0.2__seed=5__steps=10__ucb_c=0.4/workdir/results/baseline_mab_prefix/summary.csv,1523.8,17.233333333333334,8.233333333333333,10.066666666666666,5.0,9.466666666666667,12.808333333333334,44.166666666666664,5.0,21336.133333333335,42.46666666666667,5.066666666666666
baseline_mab_prefix,"steps=10,iters=20,ucb_c=0.8,seed=2",30,225.5,/home/hxy/MCTSyn/.grid_search/baseline_mab_prefix/trials/trial_023__and_weight=0.5__episodes=20__lev_weight=0.2__seed=2__steps=10__ucb_c=0.8/workdir/results/baseline_mab_prefix/summary.csv,1604.5,17.8,8.233333333333333,10.066666666666666,3.6,9.5,13.449666666666667,52.9,5.0,21356.133333333335,43.7,5.0
baseline_mab,"steps=10,iters=20,ucb_c=1.5,seed=1",30,225.2,/home/hxy/MCTSyn/.grid_search/baseline_mab/trials/trial_022__and_weight=0.5__episodes=20__lev_weight=0.2__seed=1__steps=10__ucb_c=1.5/workdir/results/baseline_mab/summary.csv,1552.7333333333333,21.066666666666666,7.866666666666666,10.066666666666666,3.6,9.5,2.54,15.266666666666667,5.533333333333333,16393.466666666667,16.166666666666668,5.666666666666667
baseline_mab_prefix,"steps=10,iters=20,ucb_c=0.8,seed=5",30,225.0,/home/hxy/MCTSyn/.grid_search/baseline_mab_prefix/trials/trial_026__and_weight=0.5__episodes=20__lev_weight=0.2__seed=5__steps=10__ucb_c=0.8/workdir/results/baseline_mab_prefix/summary.csv,1612.4333333333334,18.266666666666666,8.266666666666667,10.1,6.466666666666667,9.333333333333334,13.315,51.56666666666667,5.0,21322.133333333335,43.0,5.0
baseline_mab,"steps=10,iters=20,ucb_c=1.5,seed=9",30,224.9,/home/hxy/MCTSyn/.grid_search/baseline_mab/trials/trial_030__and_weight=0.5__episodes=20__lev_weight=0.2__seed=9__steps=10__ucb_c=1.5/workdir/results/baseline_mab/summary.csv,1636.7666666666667,26.966666666666665,7.966666666666667,10.0,3.1666666666666665,9.7,2.598,24.4,5.0,16658.8,19.4,5.733333333333333
baseline_mab,"steps=10,iters=20,ucb_c=1.5,seed=7",30,224.7,/home/hxy/MCTSyn/.grid_search/baseline_mab/trials/trial_028__and_weight=0.5__episodes=20__lev_weight=0.2__seed=7__steps=10__ucb_c=1.5/workdir/results/baseline_mab/summary.csv,1546.3,23.666666666666668,7.766666666666667,10.066666666666666,3.8,9.633333333333333,2.631666666666667,17.233333333333334,5.633333333333334,16530.533333333333,16.066666666666666,5.533333333333333
baseline_mab_prefix,"steps=10,iters=20,ucb_c=0.4,seed=2",30,224.7,/home/hxy/MCTSyn/.grid_search/baseline_mab_prefix/trials/trial_013__and_weight=0.5__episodes=20__lev_weight=0.2__seed=2__steps=10__ucb_c=0.4/workdir/results/baseline_mab_prefix/summary.csv,1570.2333333333333,18.866666666666667,8.166666666666666,10.033333333333333,3.0,9.533333333333333,12.830333333333334,44.233333333333334,5.0,21335.466666666667,42.13333333333333,5.0
baseline_mab_prefix,"steps=10,iters=20,ucb_c=0.8,seed=9",30,224.7,/home/hxy/MCTSyn/.grid_search/baseline_mab_prefix/trials/trial_030__and_weight=0.5__episodes=20__lev_weight=0.2__seed=9__steps=10__ucb_c=0.8/workdir/results/baseline_mab_prefix/summary.csv,1548.4333333333334,14.533333333333333,8.233333333333333,10.066666666666666,5.933333333333334,9.366666666666667,13.389999999999999,53.53333333333333,5.0,21351.2,44.2,5.0
baseline_mab_prefix,"steps=10,iters=20,ucb_c=0.2,seed=9",30,224.5,/home/hxy/MCTSyn/.grid_search/baseline_mab_prefix/trials/trial_010__and_weight=0.5__episodes=20__lev_weight=0.2__seed=9__steps=10__ucb_c=0.2/workdir/results/baseline_mab_prefix/summary.csv,1556.8666666666666,19.166666666666668,8.166666666666666,10.066666666666666,3.6,9.5,12.945,46.36666666666667,5.0,21326.0,42.3,5.0
baseline_mab_prefix,"steps=10,iters=20,ucb_c=0.8,seed=6",30,224.2,/home/hxy/MCTSyn/.grid_search/baseline_mab_prefix/trials/trial_027__and_weight=0.5__episodes=20__lev_weight=0.2__seed=6__steps=10__ucb_c=0.8/workdir/results/baseline_mab_prefix/summary.csv,1595.8,20.7,8.133333333333333,10.066666666666666,7.433333333333334,9.5,11.750666666666666,48.53333333333333,5.0,21302.133333333335,40.13333333333333,5.066666666666666
baseline_mab,"steps=10,iters=20,ucb_c=1.5,seed=6",30,224.0,/home/hxy/MCTSyn/.grid_search/baseline_mab/trials/trial_027__and_weight=0.5__episodes=20__lev_weight=0.2__seed=6__steps=10__ucb_c=1.5/workdir/results/baseline_mab/summary.csv,1607.1,28.166666666666668,7.7,10.066666666666666,3.8,9.633333333333333,2.4290000000000003,10.066666666666666,5.766666666666667,16472.533333333333,15.833333333333334,5.366666666666666
baseline_mab_prefix,"steps=10,iters=20,ucb_c=0.4,seed=6",30,224.0,/home/hxy/MCTSyn/.grid_search/baseline_mab_prefix/trials/trial_017__and_weight=0.5__episodes=20__lev_weight=0.2__seed=6__steps=10__ucb_c=0.4/workdir/results/baseline_mab_prefix/summary.csv,1571.8,19.633333333333333,8.133333333333333,10.033333333333333,5.766666666666667,9.5,12.889000000000001,45.53333333333333,5.0,21344.666666666668,43.733333333333334,5.0
baseline_mab_prefix,"steps=10,iters=20,ucb_c=0.8,seed=0",30,224.0,/home/hxy/MCTSyn/.grid_search/baseline_mab_prefix/trials/trial_021__and_weight=0.5__episodes=20__lev_weight=0.2__seed=0__steps=10__ucb_c=0.8/workdir/results/baseline_mab_prefix/summary.csv,1625.3666666666666,19.2,8.133333333333333,10.066666666666666,3.6,9.5,13.512333333333334,53.86666666666667,5.0,21322.133333333335,42.3,5.0
baseline_mab,"steps=10,iters=20,ucb_c=1.0,seed=7",30,223.8,/home/hxy/MCTSyn/.grid_search/baseline_mab/trials/trial_018__and_weight=0.5__episodes=20__lev_weight=0.2__seed=7__steps=10__ucb_c=1.0/workdir/results/baseline_mab/summary.csv,1545.7666666666667,23.933333333333334,7.7,10.066666666666666,3.6,9.5,2.4683333333333333,11.066666666666666,5.833333333333333,16417.066666666666,18.2,5.433333333333334
baseline_mab_prefix,"steps=10,iters=20,ucb_c=0.2,seed=5",30,223.7,/home/hxy/MCTSyn/.grid_search/baseline_mab_prefix/trials/trial_006__and_weight=0.5__episodes=20__lev_weight=0.2__seed=5__steps=10__ucb_c=0.2/workdir/results/baseline_mab_prefix/summary.csv,1559.5333333333333,16.033333333333335,8.166666666666666,10.066666666666666,5.866666666666666,9.366666666666667,12.720333333333334,44.1,5.0,21321.333333333332,42.9,5.0
baseline_mab,"steps=10,iters=20,ucb_c=0.4,seed=6",30,223.4,/home/hxy/MCTSyn/.grid_search/baseline_mab/trials/trial_007__and_weight=0.5__episodes=20__lev_weight=0.2__seed=6__steps=10__ucb_c=0.4/workdir/results/baseline_mab/summary.csv,1551.2666666666667,30.666666666666668,7.666666666666667,10.166666666666666,8.933333333333334,9.333333333333334,2.427,14.266666666666667,5.9,16386.0,12.6,5.666666666666667
baseline_mab,"steps=10,iters=20,ucb_c=0.4,seed=9",30,223.3,/home/hxy/MCTSyn/.grid_search/baseline_mab/trials/trial_010__and_weight=0.5__episodes=20__lev_weight=0.2__seed=9__steps=10__ucb_c=0.4/workdir/results/baseline_mab/summary.csv,1576.0,26.2,7.966666666666667,10.1,6.7,9.466666666666667,2.4613333333333336,17.1,5.2,16709.6,21.866666666666667,5.266666666666667
baseline_mab,"steps=10,iters=20,ucb_c=1.5,seed=2",30,223.3,/home/hxy/MCTSyn/.grid_search/baseline_mab/trials/trial_023__and_weight=0.5__episodes=20__lev_weight=0.2__seed=2__steps=10__ucb_c=1.5/workdir/results/baseline_mab/summary.csv,1635.6333333333334,27.2,7.666666666666667,10.033333333333333,3.2,9.666666666666666,2.4763333333333337,12.6,5.8,16755.466666666667,19.966666666666665,5.166666666666667
baseline_mab,"steps=10,iters=20,ucb_c=1.0,seed=2",30,223.2,/home/hxy/MCTSyn/.grid_search/baseline_mab/trials/trial_013__and_weight=0.5__episodes=20__lev_weight=0.2__seed=2__steps=10__ucb_c=1.0/workdir/results/baseline_mab/summary.csv,1638.3333333333333,27.533333333333335,7.833333333333333,10.066666666666666,4.666666666666667,9.533333333333333,2.496,14.133333333333333,5.5,16664.0,17.533333333333335,5.166666666666667
baseline_mab,"steps=10,iters=20,ucb_c=1.5,seed=4",30,223.0,/home/hxy/MCTSyn/.grid_search/baseline_mab/trials/trial_025__and_weight=0.5__episodes=20__lev_weight=0.2__seed=4__steps=10__ucb_c=1.5/workdir/results/baseline_mab/summary.csv,1625.4666666666667,27.533333333333335,7.5,10.0,1.7666666666666666,9.8,2.555,14.3,5.933333333333334,16625.066666666666,18.066666666666666,5.366666666666666
baseline_mab,"steps=10,iters=20,ucb_c=1.0,seed=9",30,222.6,/home/hxy/MCTSyn/.grid_search/baseline_mab/trials/trial_020__and_weight=0.5__episodes=20__lev_weight=0.2__seed=9__steps=10__ucb_c=1.0/workdir/results/baseline_mab/summary.csv,1567.8666666666666,24.033333333333335,7.733333333333333,10.1,5.266666666666667,9.5,2.4773333333333336,11.333333333333334,5.733333333333333,16743.6,20.9,5.066666666666666
baseline_mab,"steps=10,iters=20,ucb_c=1.5,seed=0",30,222.6,/home/hxy/MCTSyn/.grid_search/baseline_mab/trials/trial_021__and_weight=0.5__episodes=20__lev_weight=0.2__seed=0__steps=10__ucb_c=1.5/workdir/results/baseline_mab/summary.csv,1596.9666666666667,32.03333333333333,7.733333333333333,10.033333333333333,3.2,9.666666666666666,2.4643333333333337,12.733333333333333,5.366666666666666,16660.933333333334,21.733333333333334,5.466666666666667
baseline_mab_prefix,"steps=10,iters=20,ucb_c=0.2,seed=6",30,222.0,/home/hxy/MCTSyn/.grid_search/baseline_mab_prefix/trials/trial_007__and_weight=0.5__episodes=20__lev_weight=0.2__seed=6__steps=10__ucb_c=0.2/workdir/results/baseline_mab_prefix/summary.csv,1559.4,20.4,8.0,10.133333333333333,6.0,9.5,12.949,48.266666666666666,5.0,21326.666666666668,43.43333333333333,5.0
baseline_mab_prefix,"steps=10,iters=20,ucb_c=0.8,seed=3",30,221.4,/home/hxy/MCTSyn/.grid_search/baseline_mab_prefix/trials/trial_024__and_weight=0.5__episodes=20__lev_weight=0.2__seed=3__steps=10__ucb_c=0.8/workdir/results/baseline_mab_prefix/summary.csv,1543.8333333333333,23.5,7.933333333333334,10.033333333333333,3.0,9.533333333333333,13.471666666666666,54.63333333333333,5.0,21267.866666666665,38.53333333333333,5.066666666666666
baseline_mab,"steps=10,iters=20,ucb_c=0.4,seed=7",30,221.3,/home/hxy/MCTSyn/.grid_search/baseline_mab/trials/trial_008__and_weight=0.5__episodes=20__lev_weight=0.2__seed=7__steps=10__ucb_c=0.4/workdir/results/baseline_mab/summary.csv,1577.0333333333333,25.733333333333334,7.5,10.1,5.266666666666667,9.5,2.4733333333333336,12.833333333333334,5.933333333333334,16466.0,18.566666666666666,5.4
baseline_mab,"steps=10,iters=20,ucb_c=1.5,seed=8",30,221.3,/home/hxy/MCTSyn/.grid_search/baseline_mab/trials/trial_029__and_weight=0.5__episodes=20__lev_weight=0.2__seed=8__steps=10__ucb_c=1.5/workdir/results/baseline_mab/summary.csv,1621.6,29.333333333333332,7.8,10.066666666666666,3.8,9.633333333333333,2.5243333333333333,23.4,5.0,16613.6,17.733333333333334,5.5
baseline_mab_prefix,"steps=10,iters=20,ucb_c=0.4,seed=3",30,221.2,/home/hxy/MCTSyn/.grid_search/baseline_mab_prefix/trials/trial_014__and_weight=0.5__episodes=20__lev_weight=0.2__seed=3__steps=10__ucb_c=0.4/workdir/results/baseline_mab_prefix/summary.csv,1577.3,19.9,7.933333333333334,10.066666666666666,3.6,9.5,9.394,38.36666666666667,5.0,21312.133333333335,41.6,5.066666666666666
baseline_mab,"steps=10,iters=20,ucb_c=1.5,seed=5",30,220.9,/home/hxy/MCTSyn/.grid_search/baseline_mab/trials/trial_026__and_weight=0.5__episodes=20__lev_weight=0.2__seed=5__steps=10__ucb_c=1.5/workdir/results/baseline_mab/summary.csv,1661.2,27.7,7.533333333333333,10.066666666666666,4.666666666666667,9.533333333333333,2.5396666666666667,15.666666666666666,5.4,16434.0,14.033333333333333,6.1
baseline_mab_prefix,"steps=10,iters=20,ucb_c=0.2,seed=1",30,220.4,/home/hxy/MCTSyn/.grid_search/baseline_mab_prefix/trials/trial_002__and_weight=0.5__episodes=20__lev_weight=0.2__seed=1__steps=10__ucb_c=0.2/workdir/results/baseline_mab_prefix/summary.csv,1590.2333333333333,20.6,7.866666666666666,10.066666666666666,3.6,9.5,6.099,31.633333333333333,5.0,21326.533333333333,41.9,5.133333333333334
baseline_mab_prefix,"steps=10,iters=20,ucb_c=0.2,seed=3",30,219.6,/home/hxy/MCTSyn/.grid_search/baseline_mab_prefix/trials/trial_004__and_weight=0.5__episodes=20__lev_weight=0.2__seed=3__steps=10__ucb_c=0.2/workdir/results/baseline_mab_prefix/summary.csv,1555.0666666666666,20.3,7.8,10.066666666666666,3.6,9.5,8.057,34.53333333333333,5.0,21286.8,38.8,5.2
baseline_mab,"steps=10,iters=20,ucb_c=0.4,seed=3",30,219.5,/home/hxy/MCTSyn/.grid_search/baseline_mab/trials/trial_004__and_weight=0.5__episodes=20__lev_weight=0.2__seed=3__steps=10__ucb_c=0.4/workdir/results/baseline_mab/summary.csv,1579.3,27.2,7.666666666666667,10.033333333333333,2.1333333333333333,9.633333333333333,2.4923333333333333,19.566666666666666,5.133333333333334,16694.666666666668,21.666666666666668,5.3
baseline_mab_prefix,"steps=10,iters=20,ucb_c=0.2,seed=8",30,218.5,/home/hxy/MCTSyn/.grid_search/baseline_mab_prefix/trials/trial_009__and_weight=0.5__episodes=20__lev_weight=0.2__seed=8__steps=10__ucb_c=0.2/workdir/results/baseline_mab_prefix/summary.csv,1562.6,20.533333333333335,7.766666666666667,10.066666666666666,3.6,9.5,11.383000000000001,44.6,5.0,21337.733333333334,42.56666666666667,5.0
baseline_mab_prefix,"steps=10,iters=20,ucb_c=0.2,seed=0",30,218.0,/home/hxy/MCTSyn/.grid_search/baseline_mab_prefix/trials/trial_001__and_weight=0.5__episodes=20__lev_weight=0.2__seed=0__steps=10__ucb_c=0.2/workdir/results/baseline_mab_prefix/summary.csv,1583.6333333333334,23.0,7.733333333333333,10.1,5.266666666666667,9.5,6.119333333333333,31.433333333333334,5.0,21326.0,42.46666666666667,5.0
baseline_mab_prefix,"steps=10,iters=20,ucb_c=0.4,seed=1",30,217.7,/home/hxy/MCTSyn/.grid_search/baseline_mab_prefix/trials/trial_012__and_weight=0.5__episodes=20__lev_weight=0.2__seed=1__steps=10__ucb_c=0.4/workdir/results/baseline_mab_prefix/summary.csv,1585.5333333333333,22.466666666666665,7.7,10.066666666666666,4.666666666666667,9.533333333333333,12.914666666666667,44.7,5.0,21293.066666666666,40.43333333333333,5.0
baseline_mab_prefix,"steps=10,iters=20,ucb_c=0.8,seed=4",30,217.5,/home/hxy/MCTSyn/.grid_search/baseline_mab_prefix/trials/trial_025__and_weight=0.5__episodes=20__lev_weight=0.2__seed=4__steps=10__ucb_c=0.8/workdir/results/baseline_mab_prefix/summary.csv,1610.2666666666667,21.7,7.666666666666667,10.033333333333333,5.733333333333333,9.5,13.679333333333334,55.4,5.0,21275.466666666667,38.5,5.166666666666667
baseline_mab_prefix,"steps=10,iters=20,ucb_c=0.2,seed=2",30,217.0,/home/hxy/MCTSyn/.grid_search/baseline_mab_prefix/trials/trial_003__and_weight=0.5__episodes=20__lev_weight=0.2__seed=2__steps=10__ucb_c=0.2/workdir/results/baseline_mab_prefix/summary.csv,1561.7666666666667,23.733333333333334,7.666666666666667,10.1,5.266666666666667,9.5,6.072666666666667,31.266666666666666,5.0,21336.933333333334,42.333333333333336,5.0
baseline_mab_prefix,"steps=10,iters=20,ucb_c=0.4,seed=4",30,215.2,/home/hxy/MCTSyn/.grid_search/baseline_mab_prefix/trials/trial_015__and_weight=0.5__episodes=20__lev_weight=0.2__seed=4__steps=10__ucb_c=0.4/workdir/results/baseline_mab_prefix/summary.csv,1595.9666666666667,22.533333333333335,7.533333333333333,10.033333333333333,3.0,9.533333333333333,12.847333333333333,44.5,5.0,21304.4,39.766666666666666,5.0
baseline_mab_prefix,"steps=10,iters=20,ucb_c=0.8,seed=1",30,215.2,/home/hxy/MCTSyn/.grid_search/baseline_mab_prefix/trials/trial_022__and_weight=0.5__episodes=20__lev_weight=0.2__seed=1__steps=10__ucb_c=0.8/workdir/results/baseline_mab_prefix/summary.csv,1584.3333333333333,25.4,7.533333333333333,10.1,5.266666666666667,9.5,13.584333333333335,54.5,5.0,21325.333333333332,41.96666666666667,5.066666666666666
baseline_mab_prefix,"steps=10,iters=20,ucb_c=0.2,seed=4",30,214.7,/home/hxy/MCTSyn/.grid_search/baseline_mab_prefix/trials/trial_005__and_weight=0.5__episodes=20__lev_weight=0.2__seed=4__steps=10__ucb_c=0.2/workdir/results/baseline_mab_prefix/summary.csv,1566.8333333333333,24.033333333333335,7.5,10.066666666666666,3.6,9.5,10.630666666666666,37.86666666666667,5.0,21331.2,41.8,5.066666666666666
