rank,algorithm,trial_index,trial_name,summary_path,final_score,design_count,variant_label,compare_aggregate_csv,compare_details_csv,cpuct,mu-discount,search-iterations,seed,sequence-length,episodes,steps,ucb-c
1,alphasyn,11,trial_011__cpuct=1.0__mu_discount=0.9__search_iterations=20__seed=0__sequence_length=10,/home/hxy/MCTSyn/.grid_search/alphasyn/trials/trial_011__cpuct=1.0__mu_discount=0.9__search_iterations=20__seed=0__sequence_length=10/workdir/summary.csv,279.0,30,"seq=10,iters=20,cpuct=1.0,mu=0.9,",/home/hxy/MCTSyn/.grid_search/alphasyn/trials/trial_011__cpuct=1.0__mu_discount=0.9__search_iterations=20__seed=0__sequence_length=10/compare/aggregate.csv,/home/hxy/MCTSyn/.grid_search/alphasyn/trials/trial_011__cpuct=1.0__mu_discount=0.9__search_iterations=20__seed=0__sequence_length=10/compare/details.csv,1.0,0.9,20,0,10,,,
2,alphasyn,12,trial_012__cpuct=1.0__mu_discount=0.9__search_iterations=20__seed=1__sequence_length=10,/home/hxy/MCTSyn/.grid_search/alphasyn/trials/trial_012__cpuct=1.0__mu_discount=0.9__search_iterations=20__seed=1__sequence_length=10/workdir/summary.csv,279.0,30,"seq=10,iters=20,cpuct=1.0,mu=0.9,",/home/hxy/MCTSyn/.grid_search/alphasyn/trials/trial_012__cpuct=1.0__mu_discount=0.9__search_iterations=20__seed=1__sequence_length=10/compare/aggregate.csv,/home/hxy/MCTSyn/.grid_search/alphasyn/trials/trial_012__cpuct=1.0__mu_discount=0.9__search_iterations=20__seed=1__sequence_length=10/compare/details.csv,1.0,0.9,20,1,10,,,
3,alphasyn,13,trial_013__cpuct=1.0__mu_discount=0.9__search_iterations=20__seed=2__sequence_length=10,/home/hxy/MCTSyn/.grid_search/alphasyn/trials/trial_013__cpuct=1.0__mu_discount=0.9__search_iterations=20__seed=2__sequence_length=10/workdir/summary.csv,279.0,30,"seq=10,iters=20,cpuct=1.0,mu=0.9,",/home/hxy/MCTSyn/.grid_search/alphasyn/trials/trial_013__cpuct=1.0__mu_discount=0.9__search_iterations=20__seed=2__sequence_length=10/compare/aggregate.csv,/home/hxy/MCTSyn/.grid_search/alphasyn/trials/trial_013__cpuct=1.0__mu_discount=0.9__search_iterations=20__seed=2__sequence_length=10/compare/details.csv,1.0,0.9,20,2,10,,,
4,alphasyn,14,trial_014__cpuct=1.0__mu_discount=0.9__search_iterations=20__seed=3__sequence_length=10,/home/hxy/MCTSyn/.grid_search/alphasyn/trials/trial_014__cpuct=1.0__mu_discount=0.9__search_iterations=20__seed=3__sequence_length=10/workdir/summary.csv,279.0,30,"seq=10,iters=20,cpuct=1.0,mu=0.9,",/home/hxy/MCTSyn/.grid_search/alphasyn/trials/trial_014__cpuct=1.0__mu_discount=0.9__search_iterations=20__seed=3__sequence_length=10/compare/aggregate.csv,/home/hxy/MCTSyn/.grid_search/alphasyn/trials/trial_014__cpuct=1.0__mu_discount=0.9__search_iterations=20__seed=3__sequence_length=10/compare/details.csv,1.0,0.9,20,3,10,,,
5,alphasyn,15,trial_015__cpuct=1.0__mu_discount=0.9__search_iterations=20__seed=4__sequence_length=10,/home/hxy/MCTSyn/.grid_search/alphasyn/trials/trial_015__cpuct=1.0__mu_discount=0.9__search_iterations=20__seed=4__sequence_length=10/workdir/summary.csv,279.0,30,"seq=10,iters=20,cpuct=1.0,mu=0.9,",/home/hxy/MCTSyn/.grid_search/alphasyn/trials/trial_015__cpuct=1.0__mu_discount=0.9__search_iterations=20__seed=4__sequence_length=10/compare/aggregate.csv,/home/hxy/MCTSyn/.grid_search/alphasyn/trials/trial_015__cpuct=1.0__mu_discount=0.9__search_iterations=20__seed=4__sequence_length=10/compare/details.csv,1.0,0.9,20,4,10,,,
6,alphasyn,16,trial_016__cpuct=1.0__mu_discount=0.9__search_iterations=20__seed=5__sequence_length=10,/home/hxy/MCTSyn/.grid_search/alphasyn/trials/trial_016__cpuct=1.0__mu_discount=0.9__search_iterations=20__seed=5__sequence_length=10/workdir/summary.csv,279.0,30,"seq=10,iters=20,cpuct=1.0,mu=0.9,",/home/hxy/MCTSyn/.grid_search/alphasyn/trials/trial_016__cpuct=1.0__mu_discount=0.9__search_iterations=20__seed=5__sequence_length=10/compare/aggregate.csv,/home/hxy/MCTSyn/.grid_search/alphasyn/trials/trial_016__cpuct=1.0__mu_discount=0.9__search_iterations=20__seed=5__sequence_length=10/compare/details.csv,1.0,0.9,20,5,10,,,
7,alphasyn,17,trial_017__cpuct=1.0__mu_discount=0.9__search_iterations=20__seed=6__sequence_length=10,/home/hxy/MCTSyn/.grid_search/alphasyn/trials/trial_017__cpuct=1.0__mu_discount=0.9__search_iterations=20__seed=6__sequence_length=10/workdir/summary.csv,279.0,30,"seq=10,iters=20,cpuct=1.0,mu=0.9,",/home/hxy/MCTSyn/.grid_search/alphasyn/trials/trial_017__cpuct=1.0__mu_discount=0.9__search_iterations=20__seed=6__sequence_length=10/compare/aggregate.csv,/home/hxy/MCTSyn/.grid_search/alphasyn/trials/trial_017__cpuct=1.0__mu_discount=0.9__search_iterations=20__seed=6__sequence_length=10/compare/details.csv,1.0,0.9,20,6,10,,,
8,alphasyn,19,trial_019__cpuct=1.0__mu_discount=0.9__search_iterations=20__seed=8__sequence_length=10,/home/hxy/MCTSyn/.grid_search/alphasyn/trials/trial_019__cpuct=1.0__mu_discount=0.9__search_iterations=20__seed=8__sequence_length=10/workdir/summary.csv,279.0,30,"seq=10,iters=20,cpuct=1.0,mu=0.9,",/home/hxy/MCTSyn/.grid_search/alphasyn/trials/trial_019__cpuct=1.0__mu_discount=0.9__search_iterations=20__seed=8__sequence_length=10/compare/aggregate.csv,/home/hxy/MCTSyn/.grid_search/alphasyn/trials/trial_019__cpuct=1.0__mu_discount=0.9__search_iterations=20__seed=8__sequence_length=10/compare/details.csv,1.0,0.9,20,8,10,,,
9,alphasyn,20,trial_020__cpuct=1.0__mu_discount=0.9__search_iterations=20__seed=9__sequence_length=10,/home/hxy/MCTSyn/.grid_search/alphasyn/trials/trial_020__cpuct=1.0__mu_discount=0.9__search_iterations=20__seed=9__sequence_length=10/workdir/summary.csv,279.0,30,"seq=10,iters=20,cpuct=1.0,mu=0.9,",/home/hxy/MCTSyn/.grid_search/alphasyn/trials/trial_020__cpuct=1.0__mu_discount=0.9__search_iterations=20__seed=9__sequence_length=10/compare/aggregate.csv,/home/hxy/MCTSyn/.grid_search/alphasyn/trials/trial_020__cpuct=1.0__mu_discount=0.9__search_iterations=20__seed=9__sequence_length=10/compare/details.csv,1.0,0.9,20,9,10,,,
10,alphasyn,1,trial_001__cpuct=0.5__mu_discount=0.9__search_iterations=20__seed=0__sequence_length=10,/home/hxy/MCTSyn/.grid_search/alphasyn/trials/trial_001__cpuct=0.5__mu_discount=0.9__search_iterations=20__seed=0__sequence_length=10/workdir/summary.csv,278.90000000000003,30,"seq=10,iters=20,cpuct=0.5,mu=0.9,",/home/hxy/MCTSyn/.grid_search/alphasyn/trials/trial_001__cpuct=0.5__mu_discount=0.9__search_iterations=20__seed=0__sequence_length=10/compare/aggregate.csv,/home/hxy/MCTSyn/.grid_search/alphasyn/trials/trial_001__cpuct=0.5__mu_discount=0.9__search_iterations=20__seed=0__sequence_length=10/compare/details.csv,0.5,0.9,20,0,10,,,
11,alphasyn,2,trial_002__cpuct=0.5__mu_discount=0.9__search_iterations=20__seed=1__sequence_length=10,/home/hxy/MCTSyn/.grid_search/alphasyn/trials/trial_002__cpuct=0.5__mu_discount=0.9__search_iterations=20__seed=1__sequence_length=10/workdir/summary.csv,278.90000000000003,30,"seq=10,iters=20,cpuct=0.5,mu=0.9,",/home/hxy/MCTSyn/.grid_search/alphasyn/trials/trial_002__cpuct=0.5__mu_discount=0.9__search_iterations=20__seed=1__sequence_length=10/compare/aggregate.csv,/home/hxy/MCTSyn/.grid_search/alphasyn/trials/trial_002__cpuct=0.5__mu_discount=0.9__search_iterations=20__seed=1__sequence_length=10/compare/details.csv,0.5,0.9,20,1,10,,,
12,alphasyn,3,trial_003__cpuct=0.5__mu_discount=0.9__search_iterations=20__seed=2__sequence_length=10,/home/hxy/MCTSyn/.grid_search/alphasyn/trials/trial_003__cpuct=0.5__mu_discount=0.9__search_iterations=20__seed=2__sequence_length=10/workdir/summary.csv,278.90000000000003,30,"seq=10,iters=20,cpuct=0.5,mu=0.9,",/home/hxy/MCTSyn/.grid_search/alphasyn/trials/trial_003__cpuct=0.5__mu_discount=0.9__search_iterations=20__seed=2__sequence_length=10/compare/aggregate.csv,/home/hxy/MCTSyn/.grid_search/alphasyn/trials/trial_003__cpuct=0.5__mu_discount=0.9__search_iterations=20__seed=2__sequence_length=10/compare/details.csv,0.5,0.9,20,2,10,,,
13,alphasyn,4,trial_004__cpuct=0.5__mu_discount=0.9__search_iterations=20__seed=3__sequence_length=10,/home/hxy/MCTSyn/.grid_search/alphasyn/trials/trial_004__cpuct=0.5__mu_discount=0.9__search_iterations=20__seed=3__sequence_length=10/workdir/summary.csv,278.90000000000003,30,"seq=10,iters=20,cpuct=0.5,mu=0.9,",/home/hxy/MCTSyn/.grid_search/alphasyn/trials/trial_004__cpuct=0.5__mu_discount=0.9__search_iterations=20__seed=3__sequence_length=10/compare/aggregate.csv,/home/hxy/MCTSyn/.grid_search/alphasyn/trials/trial_004__cpuct=0.5__mu_discount=0.9__search_iterations=20__seed=3__sequence_length=10/compare/details.csv,0.5,0.9,20,3,10,,,
14,alphasyn,5,trial_005__cpuct=0.5__mu_discount=0.9__search_iterations=20__seed=4__sequence_length=10,/home/hxy/MCTSyn/.grid_search/alphasyn/trials/trial_005__cpuct=0.5__mu_discount=0.9__search_iterations=20__seed=4__sequence_length=10/workdir/summary.csv,278.90000000000003,30,"seq=10,iters=20,cpuct=0.5,mu=0.9,",/home/hxy/MCTSyn/.grid_search/alphasyn/trials/trial_005__cpuct=0.5__mu_discount=0.9__search_iterations=20__seed=4__sequence_length=10/compare/aggregate.csv,/home/hxy/MCTSyn/.grid_search/alphasyn/trials/trial_005__cpuct=0.5__mu_discount=0.9__search_iterations=20__seed=4__sequence_length=10/compare/details.csv,0.5,0.9,20,4,10,,,
15,alphasyn,6,trial_006__cpuct=0.5__mu_discount=0.9__search_iterations=20__seed=5__sequence_length=10,/home/hxy/MCTSyn/.grid_search/alphasyn/trials/trial_006__cpuct=0.5__mu_discount=0.9__search_iterations=20__seed=5__sequence_length=10/workdir/summary.csv,278.90000000000003,30,"seq=10,iters=20,cpuct=0.5,mu=0.9,",/home/hxy/MCTSyn/.grid_search/alphasyn/trials/trial_006__cpuct=0.5__mu_discount=0.9__search_iterations=20__seed=5__sequence_length=10/compare/aggregate.csv,/home/hxy/MCTSyn/.grid_search/alphasyn/trials/trial_006__cpuct=0.5__mu_discount=0.9__search_iterations=20__seed=5__sequence_length=10/compare/details.csv,0.5,0.9,20,5,10,,,
16,alphasyn,7,trial_007__cpuct=0.5__mu_discount=0.9__search_iterations=20__seed=6__sequence_length=10,/home/hxy/MCTSyn/.grid_search/alphasyn/trials/trial_007__cpuct=0.5__mu_discount=0.9__search_iterations=20__seed=6__sequence_length=10/workdir/summary.csv,278.90000000000003,30,"seq=10,iters=20,cpuct=0.5,mu=0.9,",/home/hxy/MCTSyn/.grid_search/alphasyn/trials/trial_007__cpuct=0.5__mu_discount=0.9__search_iterations=20__seed=6__sequence_length=10/compare/aggregate.csv,/home/hxy/MCTSyn/.grid_search/alphasyn/trials/trial_007__cpuct=0.5__mu_discount=0.9__search_iterations=20__seed=6__sequence_length=10/compare/details.csv,0.5,0.9,20,6,10,,,
17,alphasyn,8,trial_008__cpuct=0.5__mu_discount=0.9__search_iterations=20__seed=7__sequence_length=10,/home/hxy/MCTSyn/.grid_search/alphasyn/trials/trial_008__cpuct=0.5__mu_discount=0.9__search_iterations=20__seed=7__sequence_length=10/workdir/summary.csv,278.90000000000003,30,"seq=10,iters=20,cpuct=0.5,mu=0.9,",/home/hxy/MCTSyn/.grid_search/alphasyn/trials/trial_008__cpuct=0.5__mu_discount=0.9__search_iterations=20__seed=7__sequence_length=10/compare/aggregate.csv,/home/hxy/MCTSyn/.grid_search/alphasyn/trials/trial_008__cpuct=0.5__mu_discount=0.9__search_iterations=20__seed=7__sequence_length=10/compare/details.csv,0.5,0.9,20,7,10,,,
18,alphasyn,9,trial_009__cpuct=0.5__mu_discount=0.9__search_iterations=20__seed=8__sequence_length=10,/home/hxy/MCTSyn/.grid_search/alphasyn/trials/trial_009__cpuct=0.5__mu_discount=0.9__search_iterations=20__seed=8__sequence_length=10/workdir/summary.csv,278.90000000000003,30,"seq=10,iters=20,cpuct=0.5,mu=0.9,",/home/hxy/MCTSyn/.grid_search/alphasyn/trials/trial_009__cpuct=0.5__mu_discount=0.9__search_iterations=20__seed=8__sequence_length=10/compare/aggregate.csv,/home/hxy/MCTSyn/.grid_search/alphasyn/trials/trial_009__cpuct=0.5__mu_discount=0.9__search_iterations=20__seed=8__sequence_length=10/compare/details.csv,0.5,0.9,20,8,10,,,
19,alphasyn,10,trial_010__cpuct=0.5__mu_discount=0.9__search_iterations=20__seed=9__sequence_length=10,/home/hxy/MCTSyn/.grid_search/alphasyn/trials/trial_010__cpuct=0.5__mu_discount=0.9__search_iterations=20__seed=9__sequence_length=10/workdir/summary.csv,278.90000000000003,30,"seq=10,iters=20,cpuct=0.5,mu=0.9,",/home/hxy/MCTSyn/.grid_search/alphasyn/trials/trial_010__cpuct=0.5__mu_discount=0.9__search_iterations=20__seed=9__sequence_length=10/compare/aggregate.csv,/home/hxy/MCTSyn/.grid_search/alphasyn/trials/trial_010__cpuct=0.5__mu_discount=0.9__search_iterations=20__seed=9__sequence_length=10/compare/details.csv,0.5,0.9,20,9,10,,,
20,alphasyn,18,trial_018__cpuct=1.0__mu_discount=0.9__search_iterations=20__seed=7__sequence_length=10,/home/hxy/MCTSyn/.grid_search/alphasyn/trials/trial_018__cpuct=1.0__mu_discount=0.9__search_iterations=20__seed=7__sequence_length=10/workdir/summary.csv,278.8,30,"seq=10,iters=20,cpuct=1.0,mu=0.9,",/home/hxy/MCTSyn/.grid_search/alphasyn/trials/trial_018__cpuct=1.0__mu_discount=0.9__search_iterations=20__seed=7__sequence_length=10/compare/aggregate.csv,/home/hxy/MCTSyn/.grid_search/alphasyn/trials/trial_018__cpuct=1.0__mu_discount=0.9__search_iterations=20__seed=7__sequence_length=10/compare/details.csv,1.0,0.9,20,7,10,,,
21,alphasyn,21,trial_021__cpuct=1.5__mu_discount=0.9__search_iterations=20__seed=0__sequence_length=10,/home/hxy/MCTSyn/.grid_search/alphasyn/trials/trial_021__cpuct=1.5__mu_discount=0.9__search_iterations=20__seed=0__sequence_length=10/workdir/summary.csv,278.5,30,"seq=10,iters=20,cpuct=1.5,mu=0.9,",/home/hxy/MCTSyn/.grid_search/alphasyn/trials/trial_021__cpuct=1.5__mu_discount=0.9__search_iterations=20__seed=0__sequence_length=10/compare/aggregate.csv,/home/hxy/MCTSyn/.grid_search/alphasyn/trials/trial_021__cpuct=1.5__mu_discount=0.9__search_iterations=20__seed=0__sequence_length=10/compare/details.csv,1.5,0.9,20,0,10,,,
22,alphasyn,23,trial_023__cpuct=1.5__mu_discount=0.9__search_iterations=20__seed=2__sequence_length=10,/home/hxy/MCTSyn/.grid_search/alphasyn/trials/trial_023__cpuct=1.5__mu_discount=0.9__search_iterations=20__seed=2__sequence_length=10/workdir/summary.csv,278.5,30,"seq=10,iters=20,cpuct=1.5,mu=0.9,",/home/hxy/MCTSyn/.grid_search/alphasyn/trials/trial_023__cpuct=1.5__mu_discount=0.9__search_iterations=20__seed=2__sequence_length=10/compare/aggregate.csv,/home/hxy/MCTSyn/.grid_search/alphasyn/trials/trial_023__cpuct=1.5__mu_discount=0.9__search_iterations=20__seed=2__sequence_length=10/compare/details.csv,1.5,0.9,20,2,10,,,
23,alphasyn,24,trial_024__cpuct=1.5__mu_discount=0.9__search_iterations=20__seed=3__sequence_length=10,/home/hxy/MCTSyn/.grid_search/alphasyn/trials/trial_024__cpuct=1.5__mu_discount=0.9__search_iterations=20__seed=3__sequence_length=10/workdir/summary.csv,278.5,30,"seq=10,iters=20,cpuct=1.5,mu=0.9,",/home/hxy/MCTSyn/.grid_search/alphasyn/trials/trial_024__cpuct=1.5__mu_discount=0.9__search_iterations=20__seed=3__sequence_length=10/compare/aggregate.csv,/home/hxy/MCTSyn/.grid_search/alphasyn/trials/trial_024__cpuct=1.5__mu_discount=0.9__search_iterations=20__seed=3__sequence_length=10/compare/details.csv,1.5,0.9,20,3,10,,,
24,alphasyn,26,trial_026__cpuct=1.5__mu_discount=0.9__search_iterations=20__seed=5__sequence_length=10,/home/hxy/MCTSyn/.grid_search/alphasyn/trials/trial_026__cpuct=1.5__mu_discount=0.9__search_iterations=20__seed=5__sequence_length=10/workdir/summary.csv,278.5,30,"seq=10,iters=20,cpuct=1.5,mu=0.9,",/home/hxy/MCTSyn/.grid_search/alphasyn/trials/trial_026__cpuct=1.5__mu_discount=0.9__search_iterations=20__seed=5__sequence_length=10/compare/aggregate.csv,/home/hxy/MCTSyn/.grid_search/alphasyn/trials/trial_026__cpuct=1.5__mu_discount=0.9__search_iterations=20__seed=5__sequence_length=10/compare/details.csv,1.5,0.9,20,5,10,,,
25,alphasyn,27,trial_027__cpuct=1.5__mu_discount=0.9__search_iterations=20__seed=6__sequence_length=10,/home/hxy/MCTSyn/.grid_search/alphasyn/trials/trial_027__cpuct=1.5__mu_discount=0.9__search_iterations=20__seed=6__sequence_length=10/workdir/summary.csv,278.5,30,"seq=10,iters=20,cpuct=1.5,mu=0.9,",/home/hxy/MCTSyn/.grid_search/alphasyn/trials/trial_027__cpuct=1.5__mu_discount=0.9__search_iterations=20__seed=6__sequence_length=10/compare/aggregate.csv,/home/hxy/MCTSyn/.grid_search/alphasyn/trials/trial_027__cpuct=1.5__mu_discount=0.9__search_iterations=20__seed=6__sequence_length=10/compare/details.csv,1.5,0.9,20,6,10,,,
26,alphasyn,28,trial_028__cpuct=1.5__mu_discount=0.9__search_iterations=20__seed=7__sequence_length=10,/home/hxy/MCTSyn/.grid_search/alphasyn/trials/trial_028__cpuct=1.5__mu_discount=0.9__search_iterations=20__seed=7__sequence_length=10/workdir/summary.csv,278.5,30,"seq=10,iters=20,cpuct=1.5,mu=0.9,",/home/hxy/MCTSyn/.grid_search/alphasyn/trials/trial_028__cpuct=1.5__mu_discount=0.9__search_iterations=20__seed=7__sequence_length=10/compare/aggregate.csv,/home/hxy/MCTSyn/.grid_search/alphasyn/trials/trial_028__cpuct=1.5__mu_discount=0.9__search_iterations=20__seed=7__sequence_length=10/compare/details.csv,1.5,0.9,20,7,10,,,
27,alphasyn,29,trial_029__cpuct=1.5__mu_discount=0.9__search_iterations=20__seed=8__sequence_length=10,/home/hxy/MCTSyn/.grid_search/alphasyn/trials/trial_029__cpuct=1.5__mu_discount=0.9__search_iterations=20__seed=8__sequence_length=10/workdir/summary.csv,278.5,30,"seq=10,iters=20,cpuct=1.5,mu=0.9,",/home/hxy/MCTSyn/.grid_search/alphasyn/trials/trial_029__cpuct=1.5__mu_discount=0.9__search_iterations=20__seed=8__sequence_length=10/compare/aggregate.csv,/home/hxy/MCTSyn/.grid_search/alphasyn/trials/trial_029__cpuct=1.5__mu_discount=0.9__search_iterations=20__seed=8__sequence_length=10/compare/details.csv,1.5,0.9,20,8,10,,,
28,alphasyn,30,trial_030__cpuct=1.5__mu_discount=0.9__search_iterations=20__seed=9__sequence_length=10,/home/hxy/MCTSyn/.grid_search/alphasyn/trials/trial_030__cpuct=1.5__mu_discount=0.9__search_iterations=20__seed=9__sequence_length=10/workdir/summary.csv,278.5,30,"seq=10,iters=20,cpuct=1.5,mu=0.9,",/home/hxy/MCTSyn/.grid_search/alphasyn/trials/trial_030__cpuct=1.5__mu_discount=0.9__search_iterations=20__seed=9__sequence_length=10/compare/aggregate.csv,/home/hxy/MCTSyn/.grid_search/alphasyn/trials/trial_030__cpuct=1.5__mu_discount=0.9__search_iterations=20__seed=9__sequence_length=10/compare/details.csv,1.5,0.9,20,9,10,,,
29,alphasyn,25,trial_025__cpuct=1.5__mu_discount=0.9__search_iterations=20__seed=4__sequence_length=10,/home/hxy/MCTSyn/.grid_search/alphasyn/trials/trial_025__cpuct=1.5__mu_discount=0.9__search_iterations=20__seed=4__sequence_length=10/workdir/summary.csv,278.40000000000003,30,"seq=10,iters=20,cpuct=1.5,mu=0.9,",/home/hxy/MCTSyn/.grid_search/alphasyn/trials/trial_025__cpuct=1.5__mu_discount=0.9__search_iterations=20__seed=4__sequence_length=10/compare/aggregate.csv,/home/hxy/MCTSyn/.grid_search/alphasyn/trials/trial_025__cpuct=1.5__mu_discount=0.9__search_iterations=20__seed=4__sequence_length=10/compare/details.csv,1.5,0.9,20,4,10,,,
30,alphasyn,22,trial_022__cpuct=1.5__mu_discount=0.9__search_iterations=20__seed=1__sequence_length=10,/home/hxy/MCTSyn/.grid_search/alphasyn/trials/trial_022__cpuct=1.5__mu_discount=0.9__search_iterations=20__seed=1__sequence_length=10/workdir/summary.csv,278.3,30,"seq=10,iters=20,cpuct=1.5,mu=0.9,",/home/hxy/MCTSyn/.grid_search/alphasyn/trials/trial_022__cpuct=1.5__mu_discount=0.9__search_iterations=20__seed=1__sequence_length=10/compare/aggregate.csv,/home/hxy/MCTSyn/.grid_search/alphasyn/trials/trial_022__cpuct=1.5__mu_discount=0.9__search_iterations=20__seed=1__sequence_length=10/compare/details.csv,1.5,0.9,20,1,10,,,
1,baseline_mab,2,trial_002__and_weight=0.5__episodes=20__lev_weight=0.2__seed=1__steps=10__ucb_c=0.4,/home/hxy/MCTSyn/.grid_search/baseline_mab/trials/trial_002__and_weight=0.5__episodes=20__lev_weight=0.2__seed=1__steps=10__ucb_c=0.4/workdir/results/baseline_mab/summary.csv,286.6,30,"steps=10,iters=20,ucb_c=0.4,seed=1",/home/hxy/MCTSyn/.grid_search/baseline_mab/trials/trial_002__and_weight=0.5__episodes=20__lev_weight=0.2__seed=1__steps=10__ucb_c=0.4/compare/aggregate.csv,/home/hxy/MCTSyn/.grid_search/baseline_mab/trials/trial_002__and_weight=0.5__episodes=20__lev_weight=0.2__seed=1__steps=10__ucb_c=0.4/compare/details.csv,,,,1,,20,10,0.4
2,baseline_mab,22,trial_022__and_weight=0.5__episodes=20__lev_weight=0.2__seed=1__steps=10__ucb_c=1.5,/home/hxy/MCTSyn/.grid_search/baseline_mab/trials/trial_022__and_weight=0.5__episodes=20__lev_weight=0.2__seed=1__steps=10__ucb_c=1.5/workdir/results/baseline_mab/summary.csv,286.3,30,"steps=10,iters=20,ucb_c=1.5,seed=1",/home/hxy/MCTSyn/.grid_search/baseline_mab/trials/trial_022__and_weight=0.5__episodes=20__lev_weight=0.2__seed=1__steps=10__ucb_c=1.5/compare/aggregate.csv,/home/hxy/MCTSyn/.grid_search/baseline_mab/trials/trial_022__and_weight=0.5__episodes=20__lev_weight=0.2__seed=1__steps=10__ucb_c=1.5/compare/details.csv,,,,1,,20,10,1.5
3,baseline_mab,11,trial_011__and_weight=0.5__episodes=20__lev_weight=0.2__seed=0__steps=10__ucb_c=1.0,/home/hxy/MCTSyn/.grid_search/baseline_mab/trials/trial_011__and_weight=0.5__episodes=20__lev_weight=0.2__seed=0__steps=10__ucb_c=1.0/workdir/results/baseline_mab/summary.csv,286.0,30,"steps=10,iters=20,ucb_c=1.0,seed=0",/home/hxy/MCTSyn/.grid_search/baseline_mab/trials/trial_011__and_weight=0.5__episodes=20__lev_weight=0.2__seed=0__steps=10__ucb_c=1.0/compare/aggregate.csv,/home/hxy/MCTSyn/.grid_search/baseline_mab/trials/trial_011__and_weight=0.5__episodes=20__lev_weight=0.2__seed=0__steps=10__ucb_c=1.0/compare/details.csv,,,,0,,20,10,1.0
4,baseline_mab,12,trial_012__and_weight=0.5__episodes=20__lev_weight=0.2__seed=1__steps=10__ucb_c=1.0,/home/hxy/MCTSyn/.grid_search/baseline_mab/trials/trial_012__and_weight=0.5__episodes=20__lev_weight=0.2__seed=1__steps=10__ucb_c=1.0/workdir/results/baseline_mab/summary.csv,286.0,30,"steps=10,iters=20,ucb_c=1.0,seed=1",/home/hxy/MCTSyn/.grid_search/baseline_mab/trials/trial_012__and_weight=0.5__episodes=20__lev_weight=0.2__seed=1__steps=10__ucb_c=1.0/compare/aggregate.csv,/home/hxy/MCTSyn/.grid_search/baseline_mab/trials/trial_012__and_weight=0.5__episodes=20__lev_weight=0.2__seed=1__steps=10__ucb_c=1.0/compare/details.csv,,,,1,,20,10,1.0
5,baseline_mab,20,trial_020__and_weight=0.5__episodes=20__lev_weight=0.2__seed=9__steps=10__ucb_c=1.0,/home/hxy/MCTSyn/.grid_search/baseline_mab/trials/trial_020__and_weight=0.5__episodes=20__lev_weight=0.2__seed=9__steps=10__ucb_c=1.0/workdir/results/baseline_mab/summary.csv,286.0,30,"steps=10,iters=20,ucb_c=1.0,seed=9",/home/hxy/MCTSyn/.grid_search/baseline_mab/trials/trial_020__and_weight=0.5__episodes=20__lev_weight=0.2__seed=9__steps=10__ucb_c=1.0/compare/aggregate.csv,/home/hxy/MCTSyn/.grid_search/baseline_mab/trials/trial_020__and_weight=0.5__episodes=20__lev_weight=0.2__seed=9__steps=10__ucb_c=1.0/compare/details.csv,,,,9,,20,10,1.0
6,baseline_mab,17,trial_017__and_weight=0.5__episodes=20__lev_weight=0.2__seed=6__steps=10__ucb_c=1.0,/home/hxy/MCTSyn/.grid_search/baseline_mab/trials/trial_017__and_weight=0.5__episodes=20__lev_weight=0.2__seed=6__steps=10__ucb_c=1.0/workdir/results/baseline_mab/summary.csv,285.8,30,"steps=10,iters=20,ucb_c=1.0,seed=6",/home/hxy/MCTSyn/.grid_search/baseline_mab/trials/trial_017__and_weight=0.5__episodes=20__lev_weight=0.2__seed=6__steps=10__ucb_c=1.0/compare/aggregate.csv,/home/hxy/MCTSyn/.grid_search/baseline_mab/trials/trial_017__and_weight=0.5__episodes=20__lev_weight=0.2__seed=6__steps=10__ucb_c=1.0/compare/details.csv,,,,6,,20,10,1.0
7,baseline_mab,16,trial_016__and_weight=0.5__episodes=20__lev_weight=0.2__seed=5__steps=10__ucb_c=1.0,/home/hxy/MCTSyn/.grid_search/baseline_mab/trials/trial_016__and_weight=0.5__episodes=20__lev_weight=0.2__seed=5__steps=10__ucb_c=1.0/workdir/results/baseline_mab/summary.csv,285.2,30,"steps=10,iters=20,ucb_c=1.0,seed=5",/home/hxy/MCTSyn/.grid_search/baseline_mab/trials/trial_016__and_weight=0.5__episodes=20__lev_weight=0.2__seed=5__steps=10__ucb_c=1.0/compare/aggregate.csv,/home/hxy/MCTSyn/.grid_search/baseline_mab/trials/trial_016__and_weight=0.5__episodes=20__lev_weight=0.2__seed=5__steps=10__ucb_c=1.0/compare/details.csv,,,,5,,20,10,1.0
8,baseline_mab,18,trial_018__and_weight=0.5__episodes=20__lev_weight=0.2__seed=7__steps=10__ucb_c=1.0,/home/hxy/MCTSyn/.grid_search/baseline_mab/trials/trial_018__and_weight=0.5__episodes=20__lev_weight=0.2__seed=7__steps=10__ucb_c=1.0/workdir/results/baseline_mab/summary.csv,285.2,30,"steps=10,iters=20,ucb_c=1.0,seed=7",/home/hxy/MCTSyn/.grid_search/baseline_mab/trials/trial_018__and_weight=0.5__episodes=20__lev_weight=0.2__seed=7__steps=10__ucb_c=1.0/compare/aggregate.csv,/home/hxy/MCTSyn/.grid_search/baseline_mab/trials/trial_018__and_weight=0.5__episodes=20__lev_weight=0.2__seed=7__steps=10__ucb_c=1.0/compare/details.csv,,,,7,,20,10,1.0
9,baseline_mab,19,trial_019__and_weight=0.5__episodes=20__lev_weight=0.2__seed=8__steps=10__ucb_c=1.0,/home/hxy/MCTSyn/.grid_search/baseline_mab/trials/trial_019__and_weight=0.5__episodes=20__lev_weight=0.2__seed=8__steps=10__ucb_c=1.0/workdir/results/baseline_mab/summary.csv,285.2,30,"steps=10,iters=20,ucb_c=1.0,seed=8",/home/hxy/MCTSyn/.grid_search/baseline_mab/trials/trial_019__and_weight=0.5__episodes=20__lev_weight=0.2__seed=8__steps=10__ucb_c=1.0/compare/aggregate.csv,/home/hxy/MCTSyn/.grid_search/baseline_mab/trials/trial_019__and_weight=0.5__episodes=20__lev_weight=0.2__seed=8__steps=10__ucb_c=1.0/compare/details.csv,,,,8,,20,10,1.0
10,baseline_mab,15,trial_015__and_weight=0.5__episodes=20__lev_weight=0.2__seed=4__steps=10__ucb_c=1.0,/home/hxy/MCTSyn/.grid_search/baseline_mab/trials/trial_015__and_weight=0.5__episodes=20__lev_weight=0.2__seed=4__steps=10__ucb_c=1.0/workdir/results/baseline_mab/summary.csv,285.1,30,"steps=10,iters=20,ucb_c=1.0,seed=4",/home/hxy/MCTSyn/.grid_search/baseline_mab/trials/trial_015__and_weight=0.5__episodes=20__lev_weight=0.2__seed=4__steps=10__ucb_c=1.0/compare/aggregate.csv,/home/hxy/MCTSyn/.grid_search/baseline_mab/trials/trial_015__and_weight=0.5__episodes=20__lev_weight=0.2__seed=4__steps=10__ucb_c=1.0/compare/details.csv,,,,4,,20,10,1.0
11,baseline_mab,25,trial_025__and_weight=0.5__episodes=20__lev_weight=0.2__seed=4__steps=10__ucb_c=1.5,/home/hxy/MCTSyn/.grid_search/baseline_mab/trials/trial_025__and_weight=0.5__episodes=20__lev_weight=0.2__seed=4__steps=10__ucb_c=1.5/workdir/results/baseline_mab/summary.csv,285.1,30,"steps=10,iters=20,ucb_c=1.5,seed=4",/home/hxy/MCTSyn/.grid_search/baseline_mab/trials/trial_025__and_weight=0.5__episodes=20__lev_weight=0.2__seed=4__steps=10__ucb_c=1.5/compare/aggregate.csv,/home/hxy/MCTSyn/.grid_search/baseline_mab/trials/trial_025__and_weight=0.5__episodes=20__lev_weight=0.2__seed=4__steps=10__ucb_c=1.5/compare/details.csv,,,,4,,20,10,1.5
12,baseline_mab,1,trial_001__and_weight=0.5__episodes=20__lev_weight=0.2__seed=0__steps=10__ucb_c=0.4,/home/hxy/MCTSyn/.grid_search/baseline_mab/trials/trial_001__and_weight=0.5__episodes=20__lev_weight=0.2__seed=0__steps=10__ucb_c=0.4/workdir/results/baseline_mab/summary.csv,285.0,30,"steps=10,iters=20,ucb_c=0.4,seed=0",/home/hxy/MCTSyn/.grid_search/baseline_mab/trials/trial_001__and_weight=0.5__episodes=20__lev_weight=0.2__seed=0__steps=10__ucb_c=0.4/compare/aggregate.csv,/home/hxy/MCTSyn/.grid_search/baseline_mab/trials/trial_001__and_weight=0.5__episodes=20__lev_weight=0.2__seed=0__steps=10__ucb_c=0.4/compare/details.csv,,,,0,,20,10,0.4
13,baseline_mab,28,trial_028__and_weight=0.5__episodes=20__lev_weight=0.2__seed=7__steps=10__ucb_c=1.5,/home/hxy/MCTSyn/.grid_search/baseline_mab/trials/trial_028__and_weight=0.5__episodes=20__lev_weight=0.2__seed=7__steps=10__ucb_c=1.5/workdir/results/baseline_mab/summary.csv,284.90000000000003,30,"steps=10,iters=20,ucb_c=1.5,seed=7",/home/hxy/MCTSyn/.grid_search/baseline_mab/trials/trial_028__and_weight=0.5__episodes=20__lev_weight=0.2__seed=7__steps=10__ucb_c=1.5/compare/aggregate.csv,/home/hxy/MCTSyn/.grid_search/baseline_mab/trials/trial_028__and_weight=0.5__episodes=20__lev_weight=0.2__seed=7__steps=10__ucb_c=1.5/compare/details.csv,,,,7,,20,10,1.5
14,baseline_mab,6,trial_006__and_weight=0.5__episodes=20__lev_weight=0.2__seed=5__steps=10__ucb_c=0.4,/home/hxy/MCTSyn/.grid_search/baseline_mab/trials/trial_006__and_weight=0.5__episodes=20__lev_weight=0.2__seed=5__steps=10__ucb_c=0.4/workdir/results/baseline_mab/summary.csv,284.8,30,"steps=10,iters=20,ucb_c=0.4,seed=5",/home/hxy/MCTSyn/.grid_search/baseline_mab/trials/trial_006__and_weight=0.5__episodes=20__lev_weight=0.2__seed=5__steps=10__ucb_c=0.4/compare/aggregate.csv,/home/hxy/MCTSyn/.grid_search/baseline_mab/trials/trial_006__and_weight=0.5__episodes=20__lev_weight=0.2__seed=5__steps=10__ucb_c=0.4/compare/details.csv,,,,5,,20,10,0.4
15,baseline_mab,9,trial_009__and_weight=0.5__episodes=20__lev_weight=0.2__seed=8__steps=10__ucb_c=0.4,/home/hxy/MCTSyn/.grid_search/baseline_mab/trials/trial_009__and_weight=0.5__episodes=20__lev_weight=0.2__seed=8__steps=10__ucb_c=0.4/workdir/results/baseline_mab/summary.csv,284.8,30,"steps=10,iters=20,ucb_c=0.4,seed=8",/home/hxy/MCTSyn/.grid_search/baseline_mab/trials/trial_009__and_weight=0.5__episodes=20__lev_weight=0.2__seed=8__steps=10__ucb_c=0.4/compare/aggregate.csv,/home/hxy/MCTSyn/.grid_search/baseline_mab/trials/trial_009__and_weight=0.5__episodes=20__lev_weight=0.2__seed=8__steps=10__ucb_c=0.4/compare/details.csv,,,,8,,20,10,0.4
16,baseline_mab,24,trial_024__and_weight=0.5__episodes=20__lev_weight=0.2__seed=3__steps=10__ucb_c=1.5,/home/hxy/MCTSyn/.grid_search/baseline_mab/trials/trial_024__and_weight=0.5__episodes=20__lev_weight=0.2__seed=3__steps=10__ucb_c=1.5/workdir/results/baseline_mab/summary.csv,284.8,30,"steps=10,iters=20,ucb_c=1.5,seed=3",/home/hxy/MCTSyn/.grid_search/baseline_mab/trials/trial_024__and_weight=0.5__episodes=20__lev_weight=0.2__seed=3__steps=10__ucb_c=1.5/compare/aggregate.csv,/home/hxy/MCTSyn/.grid_search/baseline_mab/trials/trial_024__and_weight=0.5__episodes=20__lev_weight=0.2__seed=3__steps=10__ucb_c=1.5/compare/details.csv,,,,3,,20,10,1.5
17,baseline_mab,29,trial_029__and_weight=0.5__episodes=20__lev_weight=0.2__seed=8__steps=10__ucb_c=1.5,/home/hxy/MCTSyn/.grid_search/baseline_mab/trials/trial_029__and_weight=0.5__episodes=20__lev_weight=0.2__seed=8__steps=10__ucb_c=1.5/workdir/results/baseline_mab/summary.csv,284.6,30,"steps=10,iters=20,ucb_c=1.5,seed=8",/home/hxy/MCTSyn/.grid_search/baseline_mab/trials/trial_029__and_weight=0.5__episodes=20__lev_weight=0.2__seed=8__steps=10__ucb_c=1.5/compare/aggregate.csv,/home/hxy/MCTSyn/.grid_search/baseline_mab/trials/trial_029__and_weight=0.5__episodes=20__lev_weight=0.2__seed=8__steps=10__ucb_c=1.5/compare/details.csv,,,,8,,20,10,1.5
18,baseline_mab,30,trial_030__and_weight=0.5__episodes=20__lev_weight=0.2__seed=9__steps=10__ucb_c=1.5,/home/hxy/MCTSyn/.grid_search/baseline_mab/trials/trial_030__and_weight=0.5__episodes=20__lev_weight=0.2__seed=9__steps=10__ucb_c=1.5/workdir/results/baseline_mab/summary.csv,284.6,30,"steps=10,iters=20,ucb_c=1.5,seed=9",/home/hxy/MCTSyn/.grid_search/baseline_mab/trials/trial_030__and_weight=0.5__episodes=20__lev_weight=0.2__seed=9__steps=10__ucb_c=1.5/compare/aggregate.csv,/home/hxy/MCTSyn/.grid_search/baseline_mab/trials/trial_030__and_weight=0.5__episodes=20__lev_weight=0.2__seed=9__steps=10__ucb_c=1.5/compare/details.csv,,,,9,,20,10,1.5
19,baseline_mab,26,trial_026__and_weight=0.5__episodes=20__lev_weight=0.2__seed=5__steps=10__ucb_c=1.5,/home/hxy/MCTSyn/.grid_search/baseline_mab/trials/trial_026__and_weight=0.5__episodes=20__lev_weight=0.2__seed=5__steps=10__ucb_c=1.5/workdir/results/baseline_mab/summary.csv,284.5,30,"steps=10,iters=20,ucb_c=1.5,seed=5",/home/hxy/MCTSyn/.grid_search/baseline_mab/trials/trial_026__and_weight=0.5__episodes=20__lev_weight=0.2__seed=5__steps=10__ucb_c=1.5/compare/aggregate.csv,/home/hxy/MCTSyn/.grid_search/baseline_mab/trials/trial_026__and_weight=0.5__episodes=20__lev_weight=0.2__seed=5__steps=10__ucb_c=1.5/compare/details.csv,,,,5,,20,10,1.5
20,baseline_mab,27,trial_027__and_weight=0.5__episodes=20__lev_weight=0.2__seed=6__steps=10__ucb_c=1.5,/home/hxy/MCTSyn/.grid_search/baseline_mab/trials/trial_027__and_weight=0.5__episodes=20__lev_weight=0.2__seed=6__steps=10__ucb_c=1.5/workdir/results/baseline_mab/summary.csv,284.40000000000003,30,"steps=10,iters=20,ucb_c=1.5,seed=6",/home/hxy/MCTSyn/.grid_search/baseline_mab/trials/trial_027__and_weight=0.5__episodes=20__lev_weight=0.2__seed=6__steps=10__ucb_c=1.5/compare/aggregate.csv,/home/hxy/MCTSyn/.grid_search/baseline_mab/trials/trial_027__and_weight=0.5__episodes=20__lev_weight=0.2__seed=6__steps=10__ucb_c=1.5/compare/details.csv,,,,6,,20,10,1.5
21,baseline_mab,14,trial_014__and_weight=0.5__episodes=20__lev_weight=0.2__seed=3__steps=10__ucb_c=1.0,/home/hxy/MCTSyn/.grid_search/baseline_mab/trials/trial_014__and_weight=0.5__episodes=20__lev_weight=0.2__seed=3__steps=10__ucb_c=1.0/workdir/results/baseline_mab/summary.csv,284.4,30,"steps=10,iters=20,ucb_c=1.0,seed=3",/home/hxy/MCTSyn/.grid_search/baseline_mab/trials/trial_014__and_weight=0.5__episodes=20__lev_weight=0.2__seed=3__steps=10__ucb_c=1.0/compare/aggregate.csv,/home/hxy/MCTSyn/.grid_search/baseline_mab/trials/trial_014__and_weight=0.5__episodes=20__lev_weight=0.2__seed=3__steps=10__ucb_c=1.0/compare/details.csv,,,,3,,20,10,1.0
22,baseline_mab,8,trial_008__and_weight=0.5__episodes=20__lev_weight=0.2__seed=7__steps=10__ucb_c=0.4,/home/hxy/MCTSyn/.grid_search/baseline_mab/trials/trial_008__and_weight=0.5__episodes=20__lev_weight=0.2__seed=7__steps=10__ucb_c=0.4/workdir/results/baseline_mab/summary.csv,284.2,30,"steps=10,iters=20,ucb_c=0.4,seed=7",/home/hxy/MCTSyn/.grid_search/baseline_mab/trials/trial_008__and_weight=0.5__episodes=20__lev_weight=0.2__seed=7__steps=10__ucb_c=0.4/compare/aggregate.csv,/home/hxy/MCTSyn/.grid_search/baseline_mab/trials/trial_008__and_weight=0.5__episodes=20__lev_weight=0.2__seed=7__steps=10__ucb_c=0.4/compare/details.csv,,,,7,,20,10,0.4
23,baseline_mab,10,trial_010__and_weight=0.5__episodes=20__lev_weight=0.2__seed=9__steps=10__ucb_c=0.4,/home/hxy/MCTSyn/.grid_search/baseline_mab/trials/trial_010__and_weight=0.5__episodes=20__lev_weight=0.2__seed=9__steps=10__ucb_c=0.4/workdir/results/baseline_mab/summary.csv,284.0,30,"steps=10,iters=20,ucb_c=0.4,seed=9",/home/hxy/MCTSyn/.grid_search/baseline_mab/trials/trial_010__and_weight=0.5__episodes=20__lev_weight=0.2__seed=9__steps=10__ucb_c=0.4/compare/aggregate.csv,/home/hxy/MCTSyn/.grid_search/baseline_mab/trials/trial_010__and_weight=0.5__episodes=20__lev_weight=0.2__seed=9__steps=10__ucb_c=0.4/compare/details.csv,,,,9,,20,10,0.4
24,baseline_mab,23,trial_023__and_weight=0.5__episodes=20__lev_weight=0.2__seed=2__steps=10__ucb_c=1.5,/home/hxy/MCTSyn/.grid_search/baseline_mab/trials/trial_023__and_weight=0.5__episodes=20__lev_weight=0.2__seed=2__steps=10__ucb_c=1.5/workdir/results/baseline_mab/summary.csv,284.0,30,"steps=10,iters=20,ucb_c=1.5,seed=2",/home/hxy/MCTSyn/.grid_search/baseline_mab/trials/trial_023__and_weight=0.5__episodes=20__lev_weight=0.2__seed=2__steps=10__ucb_c=1.5/compare/aggregate.csv,/home/hxy/MCTSyn/.grid_search/baseline_mab/trials/trial_023__and_weight=0.5__episodes=20__lev_weight=0.2__seed=2__steps=10__ucb_c=1.5/compare/details.csv,,,,2,,20,10,1.5
25,baseline_mab,3,trial_003__and_weight=0.5__episodes=20__lev_weight=0.2__seed=2__steps=10__ucb_c=0.4,/home/hxy/MCTSyn/.grid_search/baseline_mab/trials/trial_003__and_weight=0.5__episodes=20__lev_weight=0.2__seed=2__steps=10__ucb_c=0.4/workdir/results/baseline_mab/summary.csv,283.8,30,"steps=10,iters=20,ucb_c=0.4,seed=2",/home/hxy/MCTSyn/.grid_search/baseline_mab/trials/trial_003__and_weight=0.5__episodes=20__lev_weight=0.2__seed=2__steps=10__ucb_c=0.4/compare/aggregate.csv,/home/hxy/MCTSyn/.grid_search/baseline_mab/trials/trial_003__and_weight=0.5__episodes=20__lev_weight=0.2__seed=2__steps=10__ucb_c=0.4/compare/details.csv,,,,2,,20,10,0.4
26,baseline_mab,4,trial_004__and_weight=0.5__episodes=20__lev_weight=0.2__seed=3__steps=10__ucb_c=0.4,/home/hxy/MCTSyn/.grid_search/baseline_mab/trials/trial_004__and_weight=0.5__episodes=20__lev_weight=0.2__seed=3__steps=10__ucb_c=0.4/workdir/results/baseline_mab/summary.csv,283.8,30,"steps=10,iters=20,ucb_c=0.4,seed=3",/home/hxy/MCTSyn/.grid_search/baseline_mab/trials/trial_004__and_weight=0.5__episodes=20__lev_weight=0.2__seed=3__steps=10__ucb_c=0.4/compare/aggregate.csv,/home/hxy/MCTSyn/.grid_search/baseline_mab/trials/trial_004__and_weight=0.5__episodes=20__lev_weight=0.2__seed=3__steps=10__ucb_c=0.4/compare/details.csv,,,,3,,20,10,0.4
27,baseline_mab,5,trial_005__and_weight=0.5__episodes=20__lev_weight=0.2__seed=4__steps=10__ucb_c=0.4,/home/hxy/MCTSyn/.grid_search/baseline_mab/trials/trial_005__and_weight=0.5__episodes=20__lev_weight=0.2__seed=4__steps=10__ucb_c=0.4/workdir/results/baseline_mab/summary.csv,283.3,30,"steps=10,iters=20,ucb_c=0.4,seed=4",/home/hxy/MCTSyn/.grid_search/baseline_mab/trials/trial_005__and_weight=0.5__episodes=20__lev_weight=0.2__seed=4__steps=10__ucb_c=0.4/compare/aggregate.csv,/home/hxy/MCTSyn/.grid_search/baseline_mab/trials/trial_005__and_weight=0.5__episodes=20__lev_weight=0.2__seed=4__steps=10__ucb_c=0.4/compare/details.csv,,,,4,,20,10,0.4
28,baseline_mab,13,trial_013__and_weight=0.5__episodes=20__lev_weight=0.2__seed=2__steps=10__ucb_c=1.0,/home/hxy/MCTSyn/.grid_search/baseline_mab/trials/trial_013__and_weight=0.5__episodes=20__lev_weight=0.2__seed=2__steps=10__ucb_c=1.0/workdir/results/baseline_mab/summary.csv,283.3,30,"steps=10,iters=20,ucb_c=1.0,seed=2",/home/hxy/MCTSyn/.grid_search/baseline_mab/trials/trial_013__and_weight=0.5__episodes=20__lev_weight=0.2__seed=2__steps=10__ucb_c=1.0/compare/aggregate.csv,/home/hxy/MCTSyn/.grid_search/baseline_mab/trials/trial_013__and_weight=0.5__episodes=20__lev_weight=0.2__seed=2__steps=10__ucb_c=1.0/compare/details.csv,,,,2,,20,10,1.0
29,baseline_mab,21,trial_021__and_weight=0.5__episodes=20__lev_weight=0.2__seed=0__steps=10__ucb_c=1.5,/home/hxy/MCTSyn/.grid_search/baseline_mab/trials/trial_021__and_weight=0.5__episodes=20__lev_weight=0.2__seed=0__steps=10__ucb_c=1.5/workdir/results/baseline_mab/summary.csv,283.0,30,"steps=10,iters=20,ucb_c=1.5,seed=0",/home/hxy/MCTSyn/.grid_search/baseline_mab/trials/trial_021__and_weight=0.5__episodes=20__lev_weight=0.2__seed=0__steps=10__ucb_c=1.5/compare/aggregate.csv,/home/hxy/MCTSyn/.grid_search/baseline_mab/trials/trial_021__and_weight=0.5__episodes=20__lev_weight=0.2__seed=0__steps=10__ucb_c=1.5/compare/details.csv,,,,0,,20,10,1.5
30,baseline_mab,7,trial_007__and_weight=0.5__episodes=20__lev_weight=0.2__seed=6__steps=10__ucb_c=0.4,/home/hxy/MCTSyn/.grid_search/baseline_mab/trials/trial_007__and_weight=0.5__episodes=20__lev_weight=0.2__seed=6__steps=10__ucb_c=0.4/workdir/results/baseline_mab/summary.csv,281.9,30,"steps=10,iters=20,ucb_c=0.4,seed=6",/home/hxy/MCTSyn/.grid_search/baseline_mab/trials/trial_007__and_weight=0.5__episodes=20__lev_weight=0.2__seed=6__steps=10__ucb_c=0.4/compare/aggregate.csv,/home/hxy/MCTSyn/.grid_search/baseline_mab/trials/trial_007__and_weight=0.5__episodes=20__lev_weight=0.2__seed=6__steps=10__ucb_c=0.4/compare/details.csv,,,,6,,20,10,0.4
1,baseline_mab_prefix,30,trial_030__and_weight=0.5__episodes=20__lev_weight=0.2__seed=9__steps=10__ucb_c=0.8,/home/hxy/MCTSyn/.grid_search/baseline_mab_prefix/trials/trial_030__and_weight=0.5__episodes=20__lev_weight=0.2__seed=9__steps=10__ucb_c=0.8/workdir/results/baseline_mab_prefix/summary.csv,284.2,30,"steps=10,iters=20,ucb_c=0.8,seed=9",/home/hxy/MCTSyn/.grid_search/baseline_mab_prefix/trials/trial_030__and_weight=0.5__episodes=20__lev_weight=0.2__seed=9__steps=10__ucb_c=0.8/compare/aggregate.csv,/home/hxy/MCTSyn/.grid_search/baseline_mab_prefix/trials/trial_030__and_weight=0.5__episodes=20__lev_weight=0.2__seed=9__steps=10__ucb_c=0.8/compare/details.csv,,,,9,,20,10,0.8
2,baseline_mab_prefix,11,trial_011__and_weight=0.5__episodes=20__lev_weight=0.2__seed=0__steps=10__ucb_c=0.4,/home/hxy/MCTSyn/.grid_search/baseline_mab_prefix/trials/trial_011__and_weight=0.5__episodes=20__lev_weight=0.2__seed=0__steps=10__ucb_c=0.4/workdir/results/baseline_mab_prefix/summary.csv,284.09999999999997,30,"steps=10,iters=20,ucb_c=0.4,seed=0",/home/hxy/MCTSyn/.grid_search/baseline_mab_prefix/trials/trial_011__and_weight=0.5__episodes=20__lev_weight=0.2__seed=0__steps=10__ucb_c=0.4/compare/aggregate.csv,/home/hxy/MCTSyn/.grid_search/baseline_mab_prefix/trials/trial_011__and_weight=0.5__episodes=20__lev_weight=0.2__seed=0__steps=10__ucb_c=0.4/compare/details.csv,,,,0,,20,10,0.4
3,baseline_mab_prefix,4,trial_004__and_weight=0.5__episodes=20__lev_weight=0.2__seed=3__steps=10__ucb_c=0.2,/home/hxy/MCTSyn/.grid_search/baseline_mab_prefix/trials/trial_004__and_weight=0.5__episodes=20__lev_weight=0.2__seed=3__steps=10__ucb_c=0.2/workdir/results/baseline_mab_prefix/summary.csv,284.0,30,"steps=10,iters=20,ucb_c=0.2,seed=3",/home/hxy/MCTSyn/.grid_search/baseline_mab_prefix/trials/trial_004__and_weight=0.5__episodes=20__lev_weight=0.2__seed=3__steps=10__ucb_c=0.2/compare/aggregate.csv,/home/hxy/MCTSyn/.grid_search/baseline_mab_prefix/trials/trial_004__and_weight=0.5__episodes=20__lev_weight=0.2__seed=3__steps=10__ucb_c=0.2/compare/details.csv,,,,3,,20,10,0.2
4,baseline_mab_prefix,20,trial_020__and_weight=0.5__episodes=20__lev_weight=0.2__seed=9__steps=10__ucb_c=0.4,/home/hxy/MCTSyn/.grid_search/baseline_mab_prefix/trials/trial_020__and_weight=0.5__episodes=20__lev_weight=0.2__seed=9__steps=10__ucb_c=0.4/workdir/results/baseline_mab_prefix/summary.csv,283.9,30,"steps=10,iters=20,ucb_c=0.4,seed=9",/home/hxy/MCTSyn/.grid_search/baseline_mab_prefix/trials/trial_020__and_weight=0.5__episodes=20__lev_weight=0.2__seed=9__steps=10__ucb_c=0.4/compare/aggregate.csv,/home/hxy/MCTSyn/.grid_search/baseline_mab_prefix/trials/trial_020__and_weight=0.5__episodes=20__lev_weight=0.2__seed=9__steps=10__ucb_c=0.4/compare/details.csv,,,,9,,20,10,0.4
5,baseline_mab_prefix,29,trial_029__and_weight=0.5__episodes=20__lev_weight=0.2__seed=8__steps=10__ucb_c=0.8,/home/hxy/MCTSyn/.grid_search/baseline_mab_prefix/trials/trial_029__and_weight=0.5__episodes=20__lev_weight=0.2__seed=8__steps=10__ucb_c=0.8/workdir/results/baseline_mab_prefix/summary.csv,283.9,30,"steps=10,iters=20,ucb_c=0.8,seed=8",/home/hxy/MCTSyn/.grid_search/baseline_mab_prefix/trials/trial_029__and_weight=0.5__episodes=20__lev_weight=0.2__seed=8__steps=10__ucb_c=0.8/compare/aggregate.csv,/home/hxy/MCTSyn/.grid_search/baseline_mab_prefix/trials/trial_029__and_weight=0.5__episodes=20__lev_weight=0.2__seed=8__steps=10__ucb_c=0.8/compare/details.csv,,,,8,,20,10,0.8
6,baseline_mab_prefix,6,trial_006__and_weight=0.5__episodes=20__lev_weight=0.2__seed=5__steps=10__ucb_c=0.2,/home/hxy/MCTSyn/.grid_search/baseline_mab_prefix/trials/trial_006__and_weight=0.5__episodes=20__lev_weight=0.2__seed=5__steps=10__ucb_c=0.2/workdir/results/baseline_mab_prefix/summary.csv,283.7,30,"steps=10,iters=20,ucb_c=0.2,seed=5",/home/hxy/MCTSyn/.grid_search/baseline_mab_prefix/trials/trial_006__and_weight=0.5__episodes=20__lev_weight=0.2__seed=5__steps=10__ucb_c=0.2/compare/aggregate.csv,/home/hxy/MCTSyn/.grid_search/baseline_mab_prefix/trials/trial_006__and_weight=0.5__episodes=20__lev_weight=0.2__seed=5__steps=10__ucb_c=0.2/compare/details.csv,,,,5,,20,10,0.2
7,baseline_mab_prefix,14,trial_014__and_weight=0.5__episodes=20__lev_weight=0.2__seed=3__steps=10__ucb_c=0.4,/home/hxy/MCTSyn/.grid_search/baseline_mab_prefix/trials/trial_014__and_weight=0.5__episodes=20__lev_weight=0.2__seed=3__steps=10__ucb_c=0.4/workdir/results/baseline_mab_prefix/summary.csv,283.7,30,"steps=10,iters=20,ucb_c=0.4,seed=3",/home/hxy/MCTSyn/.grid_search/baseline_mab_prefix/trials/trial_014__and_weight=0.5__episodes=20__lev_weight=0.2__seed=3__steps=10__ucb_c=0.4/compare/aggregate.csv,/home/hxy/MCTSyn/.grid_search/baseline_mab_prefix/trials/trial_014__and_weight=0.5__episodes=20__lev_weight=0.2__seed=3__steps=10__ucb_c=0.4/compare/details.csv,,,,3,,20,10,0.4
8,baseline_mab_prefix,17,trial_017__and_weight=0.5__episodes=20__lev_weight=0.2__seed=6__steps=10__ucb_c=0.4,/home/hxy/MCTSyn/.grid_search/baseline_mab_prefix/trials/trial_017__and_weight=0.5__episodes=20__lev_weight=0.2__seed=6__steps=10__ucb_c=0.4/workdir/results/baseline_mab_prefix/summary.csv,283.7,30,"steps=10,iters=20,ucb_c=0.4,seed=6",/home/hxy/MCTSyn/.grid_search/baseline_mab_prefix/trials/trial_017__and_weight=0.5__episodes=20__lev_weight=0.2__seed=6__steps=10__ucb_c=0.4/compare/aggregate.csv,/home/hxy/MCTSyn/.grid_search/baseline_mab_prefix/trials/trial_017__and_weight=0.5__episodes=20__lev_weight=0.2__seed=6__steps=10__ucb_c=0.4/compare/details.csv,,,,6,,20,10,0.4
9,baseline_mab_prefix,8,trial_008__and_weight=0.5__episodes=20__lev_weight=0.2__seed=7__steps=10__ucb_c=0.2,/home/hxy/MCTSyn/.grid_search/baseline_mab_prefix/trials/trial_008__and_weight=0.5__episodes=20__lev_weight=0.2__seed=7__steps=10__ucb_c=0.2/workdir/results/baseline_mab_prefix/summary.csv,283.59999999999997,30,"steps=10,iters=20,ucb_c=0.2,seed=7",/home/hxy/MCTSyn/.grid_search/baseline_mab_prefix/trials/trial_008__and_weight=0.5__episodes=20__lev_weight=0.2__seed=7__steps=10__ucb_c=0.2/compare/aggregate.csv,/home/hxy/MCTSyn/.grid_search/baseline_mab_prefix/trials/trial_008__and_weight=0.5__episodes=20__lev_weight=0.2__seed=7__steps=10__ucb_c=0.2/compare/details.csv,,,,7,,20,10,0.2
10,baseline_mab_prefix,10,trial_010__and_weight=0.5__episodes=20__lev_weight=0.2__seed=9__steps=10__ucb_c=0.2,/home/hxy/MCTSyn/.grid_search/baseline_mab_prefix/trials/trial_010__and_weight=0.5__episodes=20__lev_weight=0.2__seed=9__steps=10__ucb_c=0.2/workdir/results/baseline_mab_prefix/summary.csv,283.4,30,"steps=10,iters=20,ucb_c=0.2,seed=9",/home/hxy/MCTSyn/.grid_search/baseline_mab_prefix/trials/trial_010__and_weight=0.5__episodes=20__lev_weight=0.2__seed=9__steps=10__ucb_c=0.2/compare/aggregate.csv,/home/hxy/MCTSyn/.grid_search/baseline_mab_prefix/trials/trial_010__and_weight=0.5__episodes=20__lev_weight=0.2__seed=9__steps=10__ucb_c=0.2/compare/details.csv,,,,9,,20,10,0.2
11,baseline_mab_prefix,19,trial_019__and_weight=0.5__episodes=20__lev_weight=0.2__seed=8__steps=10__ucb_c=0.4,/home/hxy/MCTSyn/.grid_search/baseline_mab_prefix/trials/trial_019__and_weight=0.5__episodes=20__lev_weight=0.2__seed=8__steps=10__ucb_c=0.4/workdir/results/baseline_mab_prefix/summary.csv,283.2,30,"steps=10,iters=20,ucb_c=0.4,seed=8",/home/hxy/MCTSyn/.grid_search/baseline_mab_prefix/trials/trial_019__and_weight=0.5__episodes=20__lev_weight=0.2__seed=8__steps=10__ucb_c=0.4/compare/aggregate.csv,/home/hxy/MCTSyn/.grid_search/baseline_mab_prefix/trials/trial_019__and_weight=0.5__episodes=20__lev_weight=0.2__seed=8__steps=10__ucb_c=0.4/compare/details.csv,,,,8,,20,10,0.4
12,baseline_mab_prefix,13,trial_013__and_weight=0.5__episodes=20__lev_weight=0.2__seed=2__steps=10__ucb_c=0.4,/home/hxy/MCTSyn/.grid_search/baseline_mab_prefix/trials/trial_013__and_weight=0.5__episodes=20__lev_weight=0.2__seed=2__steps=10__ucb_c=0.4/workdir/results/baseline_mab_prefix/summary.csv,283.09999999999997,30,"steps=10,iters=20,ucb_c=0.4,seed=2",/home/hxy/MCTSyn/.grid_search/baseline_mab_prefix/trials/trial_013__and_weight=0.5__episodes=20__lev_weight=0.2__seed=2__steps=10__ucb_c=0.4/compare/aggregate.csv,/home/hxy/MCTSyn/.grid_search/baseline_mab_prefix/trials/trial_013__and_weight=0.5__episodes=20__lev_weight=0.2__seed=2__steps=10__ucb_c=0.4/compare/details.csv,,,,2,,20,10,0.4
13,baseline_mab_prefix,2,trial_002__and_weight=0.5__episodes=20__lev_weight=0.2__seed=1__steps=10__ucb_c=0.2,/home/hxy/MCTSyn/.grid_search/baseline_mab_prefix/trials/trial_002__and_weight=0.5__episodes=20__lev_weight=0.2__seed=1__steps=10__ucb_c=0.2/workdir/results/baseline_mab_prefix/summary.csv,282.9,30,"steps=10,iters=20,ucb_c=0.2,seed=1",/home/hxy/MCTSyn/.grid_search/baseline_mab_prefix/trials/trial_002__and_weight=0.5__episodes=20__lev_weight=0.2__seed=1__steps=10__ucb_c=0.2/compare/aggregate.csv,/home/hxy/MCTSyn/.grid_search/baseline_mab_prefix/trials/trial_002__and_weight=0.5__episodes=20__lev_weight=0.2__seed=1__steps=10__ucb_c=0.2/compare/details.csv,,,,1,,20,10,0.2
14,baseline_mab_prefix,16,trial_016__and_weight=0.5__episodes=20__lev_weight=0.2__seed=5__steps=10__ucb_c=0.4,/home/hxy/MCTSyn/.grid_search/baseline_mab_prefix/trials/trial_016__and_weight=0.5__episodes=20__lev_weight=0.2__seed=5__steps=10__ucb_c=0.4/workdir/results/baseline_mab_prefix/summary.csv,282.9,30,"steps=10,iters=20,ucb_c=0.4,seed=5",/home/hxy/MCTSyn/.grid_search/baseline_mab_prefix/trials/trial_016__and_weight=0.5__episodes=20__lev_weight=0.2__seed=5__steps=10__ucb_c=0.4/compare/aggregate.csv,/home/hxy/MCTSyn/.grid_search/baseline_mab_prefix/trials/trial_016__and_weight=0.5__episodes=20__lev_weight=0.2__seed=5__steps=10__ucb_c=0.4/compare/details.csv,,,,5,,20,10,0.4
15,baseline_mab_prefix,18,trial_018__and_weight=0.5__episodes=20__lev_weight=0.2__seed=7__steps=10__ucb_c=0.4,/home/hxy/MCTSyn/.grid_search/baseline_mab_prefix/trials/trial_018__and_weight=0.5__episodes=20__lev_weight=0.2__seed=7__steps=10__ucb_c=0.4/workdir/results/baseline_mab_prefix/summary.csv,282.9,30,"steps=10,iters=20,ucb_c=0.4,seed=7",/home/hxy/MCTSyn/.grid_search/baseline_mab_prefix/trials/trial_018__and_weight=0.5__episodes=20__lev_weight=0.2__seed=7__steps=10__ucb_c=0.4/compare/aggregate.csv,/home/hxy/MCTSyn/.grid_search/baseline_mab_prefix/trials/trial_018__and_weight=0.5__episodes=20__lev_weight=0.2__seed=7__steps=10__ucb_c=0.4/compare/details.csv,,,,7,,20,10,0.4
16,baseline_mab_prefix,23,trial_023__and_weight=0.5__episodes=20__lev_weight=0.2__seed=2__steps=10__ucb_c=0.8,/home/hxy/MCTSyn/.grid_search/baseline_mab_prefix/trials/trial_023__and_weight=0.5__episodes=20__lev_weight=0.2__seed=2__steps=10__ucb_c=0.8/workdir/results/baseline_mab_prefix/summary.csv,282.9,30,"steps=10,iters=20,ucb_c=0.8,seed=2",/home/hxy/MCTSyn/.grid_search/baseline_mab_prefix/trials/trial_023__and_weight=0.5__episodes=20__lev_weight=0.2__seed=2__steps=10__ucb_c=0.8/compare/aggregate.csv,/home/hxy/MCTSyn/.grid_search/baseline_mab_prefix/trials/trial_023__and_weight=0.5__episodes=20__lev_weight=0.2__seed=2__steps=10__ucb_c=0.8/compare/details.csv,,,,2,,20,10,0.8
17,baseline_mab_prefix,28,trial_028__and_weight=0.5__episodes=20__lev_weight=0.2__seed=7__steps=10__ucb_c=0.8,/home/hxy/MCTSyn/.grid_search/baseline_mab_prefix/trials/trial_028__and_weight=0.5__episodes=20__lev_weight=0.2__seed=7__steps=10__ucb_c=0.8/workdir/results/baseline_mab_prefix/summary.csv,282.7,30,"steps=10,iters=20,ucb_c=0.8,seed=7",/home/hxy/MCTSyn/.grid_search/baseline_mab_prefix/trials/trial_028__and_weight=0.5__episodes=20__lev_weight=0.2__seed=7__steps=10__ucb_c=0.8/compare/aggregate.csv,/home/hxy/MCTSyn/.grid_search/baseline_mab_prefix/trials/trial_028__and_weight=0.5__episodes=20__lev_weight=0.2__seed=7__steps=10__ucb_c=0.8/compare/details.csv,,,,7,,20,10,0.8
18,baseline_mab_prefix,9,trial_009__and_weight=0.5__episodes=20__lev_weight=0.2__seed=8__steps=10__ucb_c=0.2,/home/hxy/MCTSyn/.grid_search/baseline_mab_prefix/trials/trial_009__and_weight=0.5__episodes=20__lev_weight=0.2__seed=8__steps=10__ucb_c=0.2/workdir/results/baseline_mab_prefix/summary.csv,282.5,30,"steps=10,iters=20,ucb_c=0.2,seed=8",/home/hxy/MCTSyn/.grid_search/baseline_mab_prefix/trials/trial_009__and_weight=0.5__episodes=20__lev_weight=0.2__seed=8__steps=10__ucb_c=0.2/compare/aggregate.csv,/home/hxy/MCTSyn/.grid_search/baseline_mab_prefix/trials/trial_009__and_weight=0.5__episodes=20__lev_weight=0.2__seed=8__steps=10__ucb_c=0.2/compare/details.csv,,,,8,,20,10,0.2
19,baseline_mab_prefix,26,trial_026__and_weight=0.5__episodes=20__lev_weight=0.2__seed=5__steps=10__ucb_c=0.8,/home/hxy/MCTSyn/.grid_search/baseline_mab_prefix/trials/trial_026__and_weight=0.5__episodes=20__lev_weight=0.2__seed=5__steps=10__ucb_c=0.8/workdir/results/baseline_mab_prefix/summary.csv,282.5,30,"steps=10,iters=20,ucb_c=0.8,seed=5",/home/hxy/MCTSyn/.grid_search/baseline_mab_prefix/trials/trial_026__and_weight=0.5__episodes=20__lev_weight=0.2__seed=5__steps=10__ucb_c=0.8/compare/aggregate.csv,/home/hxy/MCTSyn/.grid_search/baseline_mab_prefix/trials/trial_026__and_weight=0.5__episodes=20__lev_weight=0.2__seed=5__steps=10__ucb_c=0.8/compare/details.csv,,,,5,,20,10,0.8
20,baseline_mab_prefix,12,trial_012__and_weight=0.5__episodes=20__lev_weight=0.2__seed=1__steps=10__ucb_c=0.4,/home/hxy/MCTSyn/.grid_search/baseline_mab_prefix/trials/trial_012__and_weight=0.5__episodes=20__lev_weight=0.2__seed=1__steps=10__ucb_c=0.4/workdir/results/baseline_mab_prefix/summary.csv,282.4,30,"steps=10,iters=20,ucb_c=0.4,seed=1",/home/hxy/MCTSyn/.grid_search/baseline_mab_prefix/trials/trial_012__and_weight=0.5__episodes=20__lev_weight=0.2__seed=1__steps=10__ucb_c=0.4/compare/aggregate.csv,/home/hxy/MCTSyn/.grid_search/baseline_mab_prefix/trials/trial_012__and_weight=0.5__episodes=20__lev_weight=0.2__seed=1__steps=10__ucb_c=0.4/compare/details.csv,,,,1,,20,10,0.4
21,baseline_mab_prefix,27,trial_027__and_weight=0.5__episodes=20__lev_weight=0.2__seed=6__steps=10__ucb_c=0.8,/home/hxy/MCTSyn/.grid_search/baseline_mab_prefix/trials/trial_027__and_weight=0.5__episodes=20__lev_weight=0.2__seed=6__steps=10__ucb_c=0.8/workdir/results/baseline_mab_prefix/summary.csv,282.4,30,"steps=10,iters=20,ucb_c=0.8,seed=6",/home/hxy/MCTSyn/.grid_search/baseline_mab_prefix/trials/trial_027__and_weight=0.5__episodes=20__lev_weight=0.2__seed=6__steps=10__ucb_c=0.8/compare/aggregate.csv,/home/hxy/MCTSyn/.grid_search/baseline_mab_prefix/trials/trial_027__and_weight=0.5__episodes=20__lev_weight=0.2__seed=6__steps=10__ucb_c=0.8/compare/details.csv,,,,6,,20,10,0.8
22,baseline_mab_prefix,21,trial_021__and_weight=0.5__episodes=20__lev_weight=0.2__seed=0__steps=10__ucb_c=0.8,/home/hxy/MCTSyn/.grid_search/baseline_mab_prefix/trials/trial_021__and_weight=0.5__episodes=20__lev_weight=0.2__seed=0__steps=10__ucb_c=0.8/workdir/results/baseline_mab_prefix/summary.csv,282.3,30,"steps=10,iters=20,ucb_c=0.8,seed=0",/home/hxy/MCTSyn/.grid_search/baseline_mab_prefix/trials/trial_021__and_weight=0.5__episodes=20__lev_weight=0.2__seed=0__steps=10__ucb_c=0.8/compare/aggregate.csv,/home/hxy/MCTSyn/.grid_search/baseline_mab_prefix/trials/trial_021__and_weight=0.5__episodes=20__lev_weight=0.2__seed=0__steps=10__ucb_c=0.8/compare/details.csv,,,,0,,20,10,0.8
23,baseline_mab_prefix,1,trial_001__and_weight=0.5__episodes=20__lev_weight=0.2__seed=0__steps=10__ucb_c=0.2,/home/hxy/MCTSyn/.grid_search/baseline_mab_prefix/trials/trial_001__and_weight=0.5__episodes=20__lev_weight=0.2__seed=0__steps=10__ucb_c=0.2/workdir/results/baseline_mab_prefix/summary.csv,282.2,30,"steps=10,iters=20,ucb_c=0.2,seed=0",/home/hxy/MCTSyn/.grid_search/baseline_mab_prefix/trials/trial_001__and_weight=0.5__episodes=20__lev_weight=0.2__seed=0__steps=10__ucb_c=0.2/compare/aggregate.csv,/home/hxy/MCTSyn/.grid_search/baseline_mab_prefix/trials/trial_001__and_weight=0.5__episodes=20__lev_weight=0.2__seed=0__steps=10__ucb_c=0.2/compare/details.csv,,,,0,,20,10,0.2
24,baseline_mab_prefix,3,trial_003__and_weight=0.5__episodes=20__lev_weight=0.2__seed=2__steps=10__ucb_c=0.2,/home/hxy/MCTSyn/.grid_search/baseline_mab_prefix/trials/trial_003__and_weight=0.5__episodes=20__lev_weight=0.2__seed=2__steps=10__ucb_c=0.2/workdir/results/baseline_mab_prefix/summary.csv,282.2,30,"steps=10,iters=20,ucb_c=0.2,seed=2",/home/hxy/MCTSyn/.grid_search/baseline_mab_prefix/trials/trial_003__and_weight=0.5__episodes=20__lev_weight=0.2__seed=2__steps=10__ucb_c=0.2/compare/aggregate.csv,/home/hxy/MCTSyn/.grid_search/baseline_mab_prefix/trials/trial_003__and_weight=0.5__episodes=20__lev_weight=0.2__seed=2__steps=10__ucb_c=0.2/compare/details.csv,,,,2,,20,10,0.2
25,baseline_mab_prefix,25,trial_025__and_weight=0.5__episodes=20__lev_weight=0.2__seed=4__steps=10__ucb_c=0.8,/home/hxy/MCTSyn/.grid_search/baseline_mab_prefix/trials/trial_025__and_weight=0.5__episodes=20__lev_weight=0.2__seed=4__steps=10__ucb_c=0.8/workdir/results/baseline_mab_prefix/summary.csv,282.2,30,"steps=10,iters=20,ucb_c=0.8,seed=4",/home/hxy/MCTSyn/.grid_search/baseline_mab_prefix/trials/trial_025__and_weight=0.5__episodes=20__lev_weight=0.2__seed=4__steps=10__ucb_c=0.8/compare/aggregate.csv,/home/hxy/MCTSyn/.grid_search/baseline_mab_prefix/trials/trial_025__and_weight=0.5__episodes=20__lev_weight=0.2__seed=4__steps=10__ucb_c=0.8/compare/details.csv,,,,4,,20,10,0.8
26,baseline_mab_prefix,5,trial_005__and_weight=0.5__episodes=20__lev_weight=0.2__seed=4__steps=10__ucb_c=0.2,/home/hxy/MCTSyn/.grid_search/baseline_mab_prefix/trials/trial_005__and_weight=0.5__episodes=20__lev_weight=0.2__seed=4__steps=10__ucb_c=0.2/workdir/results/baseline_mab_prefix/summary.csv,282.09999999999997,30,"steps=10,iters=20,ucb_c=0.2,seed=4",/home/hxy/MCTSyn/.grid_search/baseline_mab_prefix/trials/trial_005__and_weight=0.5__episodes=20__lev_weight=0.2__seed=4__steps=10__ucb_c=0.2/compare/aggregate.csv,/home/hxy/MCTSyn/.grid_search/baseline_mab_prefix/trials/trial_005__and_weight=0.5__episodes=20__lev_weight=0.2__seed=4__steps=10__ucb_c=0.2/compare/details.csv,,,,4,,20,10,0.2
27,baseline_mab_prefix,24,trial_024__and_weight=0.5__episodes=20__lev_weight=0.2__seed=3__steps=10__ucb_c=0.8,/home/hxy/MCTSyn/.grid_search/baseline_mab_prefix/trials/trial_024__and_weight=0.5__episodes=20__lev_weight=0.2__seed=3__steps=10__ucb_c=0.8/workdir/results/baseline_mab_prefix/summary.csv,282.09999999999997,30,"steps=10,iters=20,ucb_c=0.8,seed=3",/home/hxy/MCTSyn/.grid_search/baseline_mab_prefix/trials/trial_024__and_weight=0.5__episodes=20__lev_weight=0.2__seed=3__steps=10__ucb_c=0.8/compare/aggregate.csv,/home/hxy/MCTSyn/.grid_search/baseline_mab_prefix/trials/trial_024__and_weight=0.5__episodes=20__lev_weight=0.2__seed=3__steps=10__ucb_c=0.8/compare/details.csv,,,,3,,20,10,0.8
28,baseline_mab_prefix,7,trial_007__and_weight=0.5__episodes=20__lev_weight=0.2__seed=6__steps=10__ucb_c=0.2,/home/hxy/MCTSyn/.grid_search/baseline_mab_prefix/trials/trial_007__and_weight=0.5__episodes=20__lev_weight=0.2__seed=6__steps=10__ucb_c=0.2/workdir/results/baseline_mab_prefix/summary.csv,282.0,30,"steps=10,iters=20,ucb_c=0.2,seed=6",/home/hxy/MCTSyn/.grid_search/baseline_mab_prefix/trials/trial_007__and_weight=0.5__episodes=20__lev_weight=0.2__seed=6__steps=10__ucb_c=0.2/compare/aggregate.csv,/home/hxy/MCTSyn/.grid_search/baseline_mab_prefix/trials/trial_007__and_weight=0.5__episodes=20__lev_weight=0.2__seed=6__steps=10__ucb_c=0.2/compare/details.csv,,,,6,,20,10,0.2
29,baseline_mab_prefix,15,trial_015__and_weight=0.5__episodes=20__lev_weight=0.2__seed=4__steps=10__ucb_c=0.4,/home/hxy/MCTSyn/.grid_search/baseline_mab_prefix/trials/trial_015__and_weight=0.5__episodes=20__lev_weight=0.2__seed=4__steps=10__ucb_c=0.4/workdir/results/baseline_mab_prefix/summary.csv,281.59999999999997,30,"steps=10,iters=20,ucb_c=0.4,seed=4",/home/hxy/MCTSyn/.grid_search/baseline_mab_prefix/trials/trial_015__and_weight=0.5__episodes=20__lev_weight=0.2__seed=4__steps=10__ucb_c=0.4/compare/aggregate.csv,/home/hxy/MCTSyn/.grid_search/baseline_mab_prefix/trials/trial_015__and_weight=0.5__episodes=20__lev_weight=0.2__seed=4__steps=10__ucb_c=0.4/compare/details.csv,,,,4,,20,10,0.4
30,baseline_mab_prefix,22,trial_022__and_weight=0.5__episodes=20__lev_weight=0.2__seed=1__steps=10__ucb_c=0.8,/home/hxy/MCTSyn/.grid_search/baseline_mab_prefix/trials/trial_022__and_weight=0.5__episodes=20__lev_weight=0.2__seed=1__steps=10__ucb_c=0.8/workdir/results/baseline_mab_prefix/summary.csv,281.0,30,"steps=10,iters=20,ucb_c=0.8,seed=1",/home/hxy/MCTSyn/.grid_search/baseline_mab_prefix/trials/trial_022__and_weight=0.5__episodes=20__lev_weight=0.2__seed=1__steps=10__ucb_c=0.8/compare/aggregate.csv,/home/hxy/MCTSyn/.grid_search/baseline_mab_prefix/trials/trial_022__and_weight=0.5__episodes=20__lev_weight=0.2__seed=1__steps=10__ucb_c=0.8/compare/details.csv,,,,1,,20,10,0.8
